,in_comm,directed_rnbrw,directed_rnbrw,directed_rnbrw,backtrack,backtrack,backtrack,zigzag,zigzag,zigzag,zigzag_cycle,zigzag_cycle,zigzag_cycle,weighted_zigzag,weighted_zigzag,weighted_zigzag,file,nodes,edges,mixing,iter
,,median,mean,std,median,mean,std,median,mean,std,median,mean,std,median,mean,std,,,,,
0,False,0.01,0.15367816091954023,0.6388300726626727,0.01,0.3002298850574713,0.709010419115933,0.01,0.43528735632183907,0.6995527271242377,12.01,12.484137931034482,3.905269357185325,0.3183508361557456,0.34591572426958195,0.17864154561565251,1ln_1000_1_1m.csv,1000,1,1,1
1,True,0.01,1.107417456685191,3.5067822187124498,0.01,1.0907453416149067,3.1679104567467427,1.01,1.07538084341288,1.2734539978430064,20.01,19.82497221314155,4.867049626711221,1.022593436946984,1.0855479986774061,0.5111112394819987,1ln_1000_1_1m.csv,1000,1,1,1
0,False,0.01,0.9066874385044276,2.9202241077713924,0.01,0.8335487044932764,2.7048045375390397,1.01,0.9112791079042308,1.1633743870294093,34.01,33.7315480485405,5.878934832783385,0.8483220347083359,0.8772495088329367,0.28372219700626883,2ln_1000_2_1m.csv,1000,2,2,1
1,True,0.01,1.0357142857142858,2.4926850285020903,0.01,1.0539183673469388,2.6396867449350805,1.01,1.0345714285714285,1.253734856293342,34.01,34.54583673469388,5.876992891474518,1.0053772808534052,1.0430413263321123,0.35319591383469023,2ln_1000_2_1m.csv,1000,2,2,1
0,False,1.01,3.212154308617235,8.514863992281414,1.01,2.5862775551102204,6.954010220597149,4.01,5.410300601202405,4.217570019089305,388.01,388.21470106880423,20.250167432879365,5.196481809479533,5.248636085548812,0.6223020049904711,3ln_5000_2_10m.csv,5000,3,2,10
1,True,3.01,11.708716744913929,37.310584901125814,3.01,11.865117370892019,39.61618550491909,9.01,11.15942097026604,7.926647821893366,436.01,436.0289045383412,23.84209578583014,10.963632685239826,11.199819389451587,2.3403767215528535,3ln_5000_2_10m.csv,5000,3,2,10
0,False,0.01,0.3008242612752722,0.7577387485960241,0.01,0.4019129082426128,0.8835974569471443,5.01,5.8513685847589425,4.353503189888554,170.01,169.8327060653188,16.274695516694976,5.386281120723725,5.589187314891684,1.285256259010262,1ln_500_2_10m.csv,500,1,2,10
1,True,1.01,12.442969602494154,46.19397178789248,1.01,12.41763834762276,47.22954443522435,9.01,11.052088854247856,8.059947286109866,207.01,207.00337490257212,19.98567603408289,10.85554829461509,11.117787434343194,3.0999357579571263,1ln_500_2_10m.csv,500,1,2,10
0,False,4.01,9.921016144349478,24.412978223848988,4.01,9.427283950617284,24.0413075168839,8.01,9.898793922127256,7.795824926450361,404.01,403.72177587844254,20.038627906995327,9.813731453633327,9.918042335595324,1.1624778545648864,3ln_1000_6_10m.csv,1000,3,6,10
1,True,4.01,10.144221458243804,22.60357641686151,4.01,10.888957169459962,25.138626310531464,8.01,10.17774101131643,7.852185424586213,404.01,404.4108021773385,20.10336667804551,10.015512656254923,10.148707091560116,1.2619896522397138,3ln_1000_6_10m.csv,1000,3,6,10
0,False,0.01,1.0100949667616335,2.350658623451595,0.01,0.9658404558404557,2.250029617727321,1.01,1.0043019943019942,1.1653845719166709,40.01,40.24713200379867,6.355854979790307,0.9700163872128744,1.0017127167089506,0.3015886820935536,3ln_1000_6_1m.csv,1000,3,6,1
1,True,0.01,1.009856754046698,2.1957565175466778,0.01,1.076609368285346,2.353380384176889,1.01,1.018594757198109,1.143029473568067,40.01,40.27973213006732,6.297599196881932,0.9867233933873856,1.0225003714445997,0.31710940331730764,3ln_1000_6_1m.csv,1000,3,6,1
0,False,0.01,0.040282095567069666,0.19375826685766892,0.01,0.08869890616004605,0.28323922238062166,0.01,0.16331030512377662,0.40866420022837685,9.01,9.195780080598732,3.187587906350514,0.12839166144767133,0.14625611948494055,0.09247264358675181,2ln_10000_1_1m.csv,10000,2,1,1
1,True,0.01,1.11769820971867,3.3034613756153717,0.01,1.1123209718670077,3.2021230679740067,1.01,1.10403452685422,1.2922197441991408,23.01,23.268177749360614,6.253165511783492,1.0528831838892816,1.1059285882643644,0.49134775462933855,2ln_10000_1_1m.csv,10000,2,1,1
0,False,0.01,0.44965517241379305,1.939170451300305,0.01,0.6407471264367816,2.6137715002248036,3.01,3.8117241379310345,4.077070102437961,126.01,126.3792528735632,20.62114937280139,3.280657819584678,3.4966767718983096,1.1272932955199846,1ln_1000_1_10m.csv,1000,1,1,10
1,True,1.01,11.097610330173259,48.40114082705053,1.01,11.075871199738476,50.903741060929164,7.01,10.71513239620791,10.799055254202504,202.01,200.1044753187316,24.4662071173447,10.723819216467728,10.75097302496874,3.2027679897410617,1ln_1000_1_10m.csv,1000,1,1,10
0,False,3.01,9.908381294964029,25.548839984986756,3.01,9.910359712230216,27.659107498424213,7.01,9.966654676258992,8.623384183248337,286.01,286.3808633093525,17.12352758493381,9.843532614972109,9.985807790537123,1.341788601032704,3ln_500_6_10m.csv,500,3,6,10
1,True,3.01,10.163116531165311,22.792060896100182,3.01,10.160135501355015,24.75154296365503,7.01,10.07531165311653,8.542421368276063,287.01,286.77151761517615,16.78652772350564,9.909863360119056,10.04645221805245,1.358982736093727,3ln_500_6_10m.csv,500,3,6,10
0,False,4.01,9.34826730518067,20.346456581638897,3.01,8.403121462777534,18.348565762944634,8.01,9.321710927296474,6.30167885158045,288.01,288.9520983892033,16.86871962220034,9.16819902986351,9.299501335983976,1.2277789704951934,2ln_500_4_10m.csv,500,2,4,10
1,True,5.01,10.455617121078863,18.137909798002042,4.01,11.092087364409265,20.42797960145949,9.01,10.473500439753739,6.637010902939138,292.01,292.4902110817942,17.431133153219996,10.357841374671862,10.488456590807615,1.5864014728712172,2ln_500_4_10m.csv,500,2,4,10
0,False,0.01,0.09869205107557805,0.4042768407814874,0.01,0.158280225468768,0.4784671689123109,2.01,2.638781778442425,2.54894740190713,157.01,157.08799378810536,17.031626195595823,2.419807442695914,2.475635636543014,0.5191653438310291,2ln_5000_1_10m.csv,5000,2,1,10
1,True,1.01,11.113343620740437,49.02505349836624,1.01,11.10671016404359,50.91042019768639,8.01,10.830576521661182,8.764842883475668,265.01,267.8169382371397,32.69193390228043,10.664371520515331,10.848738227042622,2.6632883745662363,2ln_5000_1_10m.csv,5000,2,1,10
0,False,0.01,0.5905980475055731,1.749059959738305,0.01,0.49662464447690063,1.4077553764480681,0.01,0.717548620186025,0.9884550437939519,52.01,52.5188784687524,7.264516778374267,0.6831957351987485,0.7059218470644265,0.19970079761019288,2ln_5000_3_1m.csv,5000,2,3,1
1,True,0.01,1.1900303570250115,3.0095170265460474,0.01,1.2303689038474228,3.454547535402379,1.01,1.1355361974526497,1.3063630935060686,55.01,55.04307925823269,7.413254293074882,1.0806228038014165,1.14052704717016,0.4240840021797372,2ln_5000_3_1m.csv,5000,2,3,1
0,False,0.01,0.5021190893169877,1.0585612015239367,0.01,0.44082311733800345,0.8786128552208805,0.01,0.5283887915936952,0.7545847210270589,16.009999999999998,15.738546409807354,3.689464539079222,0.4694940290062241,0.48736630079349774,0.1981487585912229,2ln_500_1_1m.csv,500,2,1,1
1,True,0.01,1.0640842969041402,1.9853180347031787,0.01,1.0706117120477434,1.9896815147272882,1.01,1.0612868332711674,1.1362090960849573,21.01,21.07135770234987,4.647443820400669,1.015768671585067,1.0656553230598493,0.4252682638045989,2ln_500_1_1m.csv,500,2,1,1
0,False,0.01,1.0185120871637725,2.3718365708041196,0.01,0.9204528430371126,2.019105702983987,1.01,0.9555226421518556,1.067108513673178,28.01,27.9150051072523,5.354035899880405,0.9041451616110774,0.9453563607139526,0.3175674127467769,3ln_500_3_1m.csv,500,3,3,1
1,True,0.01,1.0063535589264876,1.9422331751449378,0.01,1.0483605600933488,2.1011931302904534,1.01,1.0333372228704782,1.1399685232669778,28.01,28.40542007001167,5.474042135370348,0.9972298115161914,1.037692294134061,0.37127684878796946,3ln_500_3_1m.csv,500,3,3,1
0,False,5.01,9.780642668293675,14.970645280642152,5.01,9.31557250355908,14.703021912903244,9.01,9.580571486678869,4.770158626357483,401.01,401.4158877364246,19.975699375141094,9.5071629640901,9.551396003992288,0.9642914702244946,10ln_1000_3_10m.csv,1000,1,3,10
1,True,6.01,10.108347431760704,13.749214835747619,6.01,10.307767506758525,14.307677684748336,9.01,10.19413708903811,4.879968041282438,404.01,404.4423493503096,20.17510558119411,10.151747821889622,10.206647409816853,1.091592052065354,10ln_1000_3_10m.csv,1000,1,3,10
0,False,1.01,9.878879668049793,43.050447597397635,1.01,9.671908713692947,47.564687043304716,5.01,10.005352697095436,11.686559613938835,337.01,336.721867219917,18.67299059971952,9.690688638821298,10.005217748088844,1.7428612945917918,1ln_1000_8_10m.csv,1000,1,8,10
1,True,1.01,10.537369826435247,37.993489737272675,1.01,11.369813084112149,45.225901186244926,5.01,10.028691588785046,11.647903892425608,337.01,337.3931775700934,18.05939240463422,9.73121588368199,10.029234357653324,1.7140617925549304,1ln_1000_8_10m.csv,1000,1,8,10
0,False,4.01,10.039144456801012,20.010125380440268,4.01,9.768024312612647,19.938126347395205,8.01,9.988410093185566,6.363162063762274,399.01,398.93575833109634,20.01265157074127,9.921263734082824,9.991757038554333,1.0776340183897133,5ln_1000_8_10m.csv,1000,5,8,10
1,True,4.01,9.89316679477325,18.81851241209208,4.01,10.980023059185243,22.078445191662887,8.01,10.096548808608762,6.44849345255301,399.01,399.00754035357414,19.973206070605606,10.009218468076712,10.083131699557034,1.0960640717585481,5ln_1000_8_10m.csv,1000,5,8,10
0,False,0.01,0.9061716937354989,2.7173284494184653,0.01,0.8725290023201856,2.3958780832171063,1.01,0.9902784222737819,1.2428155616303636,27.01,27.448515081206494,5.2555408451949415,0.9050983087255025,0.9352916663712425,0.3204841229293025,2ln_500_3_1m.csv,500,2,3,1
1,True,0.01,1.054516289480229,2.4336484283236857,0.01,1.0689405620492416,2.639681454417291,1.01,1.018455608057697,1.2446614866100165,28.01,27.646657547873666,5.194576119765762,1.0021867383823906,1.0420311283700516,0.3798419609931532,2ln_500_3_1m.csv,500,2,3,1
0,False,0.01,0.098006385950908,0.3643611433307826,0.01,0.1809239672720016,0.4384256705102081,0.01,0.531552584314508,0.876852232431446,33.01,32.65178806625424,5.810104264254307,0.4764037211908483,0.49883282777705,0.1788001684639935,1ln_5000_2_1m.csv,5000,1,2,1
1,True,0.01,1.2382033356636373,6.724837964189474,0.01,1.2174553080994706,6.503272894031795,1.01,1.1297193648257264,1.5741233636781229,38.01,37.74891441126535,6.496073199789094,1.0213108862389189,1.1379066563472087,0.5744806965927957,1ln_5000_2_1m.csv,5000,1,2,1
0,False,0.01,0.05842977108017946,0.2475399130579693,0.01,0.10697457724606006,0.3212898302374143,0.01,0.288384907396756,0.5571677156243743,16.009999999999998,15.734145864488669,4.159726565724326,0.2421245803452996,0.2597668031259657,0.12247142293429736,2ln_5000_1_1m.csv,5000,2,1,1
1,True,0.01,1.1159304127341878,3.5985470430360684,0.01,1.1105263225294215,3.4543076621301307,1.01,1.0903314167168232,1.2571946468508255,27.01,26.842934216086775,5.882678985391621,1.0433513708513706,1.0935172326502578,0.46197529404577,2ln_5000_1_1m.csv,5000,2,1,1
0,False,3.01,9.889033745159505,32.614892529428424,2.01,8.790011063986723,31.382560387827404,7.01,9.436516688179973,9.137464750247403,373.01,372.8051318458418,19.684150159904164,9.286075633462891,9.44815144234053,1.2596351706186535,2ln_1000_4_10m.csv,1000,2,4,10
1,True,3.01,10.09122833085686,24.406086421053747,3.01,10.82921743437345,30.379078790636477,8.01,10.395091629519564,9.754563050879561,375.01,375.7665626547796,19.61577491859238,10.195437645486324,10.387278941083117,1.5019183365060054,2ln_1000_4_10m.csv,1000,2,4,10
0,False,0.01,0.5852135044698596,2.5682296711964767,0.01,0.47848624082305347,1.692164853455569,0.01,0.7946226839134994,1.2238256813199806,72.00999999999999,72.4936188383359,8.521386510854487,0.752232616433971,0.7776656822992721,0.2078597045377252,1ln_10000_4_1m.csv,10000,1,4,1
1,True,0.01,1.2919845506083611,5.917700745255347,0.01,1.3628329410204554,6.982840789589461,1.01,1.1529731790604383,1.6318009207670652,74.00999999999999,74.3969475847893,8.695796873077473,1.047738561514377,1.164229686812375,0.5103965073172655,1ln_10000_4_1m.csv,10000,1,4,1
0,False,4.01,7.811889472936497,11.09800724022691,4.01,7.25861486006535,10.525929272133963,8.01,8.880720272766018,4.341489000147108,379.01,379.17607472652367,19.54961687286072,8.788675881915932,8.826395597022946,0.8847374781774213,10ln_1000_2_10m.csv,1000,1,2,10
1,True,6.01,10.558203656462585,15.411753652714271,6.01,10.696189058956916,15.69822839610161,9.01,10.291639739229025,4.75848674693025,387.01,386.7788492063492,19.54616080346776,10.255436090636735,10.305188187094505,1.1189914292941276,10ln_1000_2_10m.csv,1000,1,2,10
0,False,0.01,0.7446465816917729,1.4713955003118873,0.01,0.6206604866743917,1.1220123636688448,1.01,0.8338702201622248,1.0041839811789703,26.01,26.443371958285052,5.172872180727594,0.7595453076335429,0.7755038265027281,0.259848747588925,3ln_500_1_1m.csv,500,3,1,1
1,True,0.01,1.038443671593591,1.9983373958687103,0.01,1.051733946093653,1.9766329798819091,1.01,1.028879642280462,1.1419244024522581,28.01,27.868899515588126,5.27277915157938,0.9983957025187556,1.0351360325087748,0.37511401938279354,3ln_500_1_1m.csv,500,3,1,1
0,False,0.01,0.8734014275166132,1.7621483654083714,0.01,0.838205759291164,1.7023810778772273,1.01,0.9324710804824021,1.0706893915159827,29.01,29.572392320945116,5.456103271706953,0.9506207278428592,0.9786943488985186,0.3224191170254767,5ln_500_3_1m.csv,500,5,3,1
1,True,0.01,1.057923322683706,1.9413330390632988,0.01,1.0702711337535618,1.9682701247524663,1.01,1.0371997236853467,1.1204039522207625,29.01,29.659857525256886,5.4479415093724715,0.9877254229352924,1.0209830636754442,0.34206967869933347,5ln_500_3_1m.csv,500,5,3,1
0,False,4.01,8.858562067710228,14.937627489881363,4.01,8.669446669093556,14.686045226606725,8.01,9.402246086639972,5.3308815195940715,299.01,298.9685001820167,17.405627246070313,9.821899718752992,9.869854503768348,1.1354264190370342,5ln_500_4_10m.csv,500,5,4,10
1,True,6.01,10.5891449235558,15.732893149845477,6.01,10.684265311727547,16.396392864112663,9.01,10.315685251304586,5.9284656912157345,299.01,298.94683054106014,17.351379040643902,10.000077601756862,10.080489733250628,1.19240339832312,5ln_500_4_10m.csv,500,5,4,10
0,False,0.01,0.5582283464566928,1.7034262721126232,0.01,0.4730905511811023,1.194776047513407,0.01,0.7201377952755905,0.9632005878506855,28.01,28.143858267716535,5.296970630348959,0.6856374357218469,0.721646297814223,0.27663248707572,1ln_1000_3_1m.csv,1000,1,3,1
1,True,0.01,1.202897667577222,2.681531183377169,0.01,1.2392498424038665,3.03561902328793,1.01,1.1337654969531412,1.3017030686768196,30.01,30.304179449464172,5.511578793096164,1.0546516919265034,1.133121395848182,0.48591562448251485,1ln_1000_3_1m.csv,1000,1,3,1
0,False,2.01,3.659846153846154,6.125584372926554,2.01,3.126923076923077,5.436320101715226,4.01,5.149384615384616,3.2570145325906217,206.01,206.7189230769231,16.300866984920468,4.844657288354043,4.889250097108283,0.7365958934325251,5ln_1000_1_10m.csv,1000,5,1,10
1,True,5.01,10.71743495698077,19.134464292323738,5.01,10.776804922359716,19.58764418381736,9.01,10.551493847050354,5.317845528726684,263.01,263.21748637438725,17.179901503352074,10.4818644924937,10.580473971974014,1.5447978263801687,5ln_1000_1_10m.csv,1000,5,1,10
0,False,1.01,7.252016976556184,29.424343033395257,1.01,5.4534620048504445,21.971493759448567,5.01,8.571691592562651,10.247906538768754,622.01,621.6425282942603,25.40506106862909,8.340279921167769,8.536120116800396,1.1310209502569237,1ln_5000_4_10m.csv,5000,1,4,10
1,True,2.01,11.843714055361461,42.21465656972755,2.01,13.039528352593388,64.08288083493392,7.01,10.966295350712175,12.834747633225575,633.01,632.748779897877,26.04549123261237,10.418446105838024,10.989945936854562,2.5825638556564208,1ln_5000_4_10m.csv,5000,1,4,10
0,False,0.01,0.36462959347053536,1.1023361240814569,0.01,0.3171035263795056,0.8547932065409479,0.01,0.6132334908423478,0.896033655263365,58.01,58.45187136329909,7.626357914041811,0.5843610267855992,0.6046352352605526,0.1693167164754981,2ln_10000_3_1m.csv,10000,2,3,1
1,True,0.01,1.2864122935396194,4.557980409732797,0.01,1.3067677190048086,4.669748826911301,1.01,1.1799351871210537,1.3848764537772138,62.01,62.20275768346225,8.014088761732848,1.0998204390714024,1.1836178219641733,0.4960753632643786,2ln_10000_3_1m.csv,10000,2,3,1
0,False,0.01,0.9537004290729424,2.5382540686991355,0.01,0.903771941230009,2.367866033952189,1.01,0.9695631257313743,1.1847768760602708,37.01,36.893890261344424,6.0572830562758675,0.9453053817943212,0.9673113916358963,0.2951281642116224,3ln_1000_4_1m.csv,1000,3,4,1
1,True,0.01,1.047560721721027,2.710596888369333,0.01,1.0808709229701594,2.880535372748318,1.01,1.036977793199167,1.2121464552256163,37.01,37.168830673143646,6.089441938115336,1.0026878408443283,1.0384800561180014,0.33480888817003546,3ln_1000_4_1m.csv,1000,3,4,1
0,False,0.01,0.8085699071961052,1.6984878598064412,0.01,0.742998630762209,1.636766245587442,1.01,0.9074593032101018,1.0291615022936615,37.01,36.96390232770424,6.050495475318475,0.87405780261659,0.8955527103483376,0.2703457471533036,5ln_1000_2_1m.csv,1000,5,2,1
1,True,0.01,1.060509289283943,2.026972908217212,0.01,1.0769515126082476,2.0707343242227583,1.01,1.0357124327623697,1.1224555779649994,38.01,37.85030824400107,6.074960084149644,1.0076569823047057,1.0386980519162392,0.33389796237112535,5ln_1000_2_1m.csv,1000,5,2,1
0,False,2.01,5.054526799048619,14.539297227329623,1.01,4.038015930084629,12.50893932627233,6.01,7.126709995021848,5.524485529550127,541.01,541.4694004093146,23.58919786307371,6.975218978697738,7.039290399312577,0.7279066294978285,3ln_5000_3_10m.csv,5000,3,3,10
1,True,3.01,12.133187031946155,40.847465940718386,3.01,12.568714096122854,43.916801085011066,9.01,11.245354061996396,8.151904583345388,566.01,566.317398805574,24.84267700075572,10.962180093212712,11.28280924426078,2.1769041580550414,3ln_5000_3_10m.csv,5000,3,3,10
0,False,1.01,5.626815661988712,26.537141491595666,1.01,3.962629476102482,18.370383055548857,4.01,7.7623348149627915,9.529770345039077,728.01,728.1177261149678,27.19599523481512,7.528769912047688,7.691743916402215,0.9696714128183485,1ln_10000_4_10m.csv,10000,1,4,10
1,True,2.01,12.919674104034744,65.38839868335701,1.01,14.024405065809104,85.07895637934924,7.01,11.502059808374499,13.970093981280325,747.01,747.3146944932533,29.941342409036896,10.586144768294831,11.548919920494598,3.7354597446821076,1ln_10000_4_10m.csv,10000,1,4,10
0,False,0.01,0.9839463601532566,2.9454604534823456,0.01,0.9479948914431672,2.749856082941093,1.01,1.0151724137931033,1.2521284270019095,37.01,36.836309067688376,6.0750650632175764,0.972202297354215,1.008152304694876,0.3190183546319342,3ln_1000_8_1m.csv,1000,3,8,1
1,True,0.01,1.1140550879877582,3.586950040477691,0.01,1.2576409079316502,4.239348617850749,1.01,0.9893420045906656,1.2650448389217728,37.01,36.71721754654425,6.073568651051775,0.9884429466545456,1.0173794716853466,0.32008127599416275,3ln_1000_8_1m.csv,1000,3,8,1
0,False,1.01,4.700099009900989,14.852162149180453,1.01,4.028811881188119,12.644747362110209,6.01,8.704059405940594,8.172475764136415,247.01,247.71198019801977,17.00012522660123,7.998467813968986,8.243688651742142,1.5781420459283713,1ln_500_3_10m.csv,500,1,3,10
1,True,2.01,12.299923142613151,38.67882264085347,2.01,12.589419299743808,45.69606295970354,7.01,10.573193851409052,9.949297934699612,259.01,259.4805380017079,17.17775832540178,10.396750088951688,10.771731196302486,2.6162369027987284,1ln_500_3_10m.csv,500,1,3,10
0,False,0.01,0.09933224755700325,0.3554059978080725,0.01,0.12017915309446253,0.4025660430251435,0.01,0.32327361563517915,0.5837217117620592,19.01,18.873436482084692,4.580984706325437,0.27501288869842205,0.29331848186658305,0.12901045517716359,3ln_5000_1_1m.csv,5000,3,1,1
1,True,0.01,1.1115666863448526,3.046333182662822,0.01,1.1092416329866943,2.9573836569670306,1.01,1.0865905272240133,1.2177061148397021,29.01,29.52701557604105,5.927043466193567,1.0419180303700426,1.089931420395789,0.4402326296708536,3ln_5000_1_1m.csv,5000,3,1,1
0,False,3.01,9.510057850283465,25.066153506373446,2.01,8.289185468008792,22.038980334509052,7.01,9.74307879208608,7.864135094156366,377.01,376.99090940645607,19.564034069520794,9.60963963298718,9.736758109442754,1.2136290287612796,2ln_1000_6_10m.csv,1000,2,6,10
1,True,3.01,10.76213228894691,31.066901023477605,3.01,12.598859878154917,37.68195616161369,8.01,10.411566579634464,8.195625509361122,379.01,379.28119234116616,19.697686800956493,10.254327841496558,10.421075658848775,1.4583058908066784,2ln_1000_6_10m.csv,1000,2,6,10
0,False,0.01,0.08431359201270706,0.3196106534054278,0.01,0.10772331896225702,0.34545698664885205,0.01,0.18854171393994404,0.434687169738564,13.01,13.497217305801376,3.787729175308887,0.16668488804217524,0.18222975241440756,0.09388970110767043,3ln_10000_1_1m.csv,10000,3,1,1
1,True,0.01,1.1128562063763536,2.5518239639172524,0.01,1.1102550709534273,2.5278989865944594,1.01,1.1012750606161201,1.2078650946479526,27.01,26.86692914742429,5.760603315924303,1.0551224429165602,1.1019764044099887,0.44576188462654925,3ln_10000_1_1m.csv,10000,3,1,1
0,False,1.01,2.896584575502268,8.812842663477495,1.01,2.2824916043127317,6.61750301238349,4.01,5.242369056737171,4.633819160963371,367.01,366.9889665940022,20.58627146641942,5.026031566256941,5.102499561325849,0.6908373920807289,2ln_5000_2_10m.csv,5000,2,2,10
1,True,3.01,11.787202072538859,39.762674505232766,3.01,11.940625883184174,43.08170865875748,8.01,11.201135774846914,9.04142808571487,416.01,416.61262600094204,23.69663725884383,10.838734969836265,11.236080501436884,2.6315367744292004,2ln_5000_2_10m.csv,5000,2,2,10
0,False,1.01,10.147858851674641,39.307973687460795,1.01,9.794389952153109,38.69348298142047,5.01,10.010000000000002,11.830769012336972,244.01,244.7928947368421,15.560563427605976,9.767712833225417,10.000778262544868,1.6501140333481346,1ln_500_8_10m.csv,500,1,8,10
1,True,1.01,9.44780487804878,37.0906197813091,1.01,10.889268292682926,43.1744770333981,5.01,10.010000000000002,11.29286028996611,245.01,244.5709756097561,15.441644500616164,9.861484697381579,10.047606695182852,1.6417019874097638,1ln_500_8_10m.csv,500,1,8,10
0,False,3.51,10.023271837349396,23.645366834648097,3.01,9.31657003012048,22.26009571383534,8.01,9.552921686746988,6.528991873757205,378.01,378.50284638554217,19.545295792685838,9.472605502957215,9.54338334255368,1.0620146966629997,5ln_1000_3_10m.csv,1000,5,3,10
1,True,4.01,10.004323671497584,20.291357975457665,4.01,10.306578099838969,21.4054810201394,8.01,10.20549114331723,6.613198720668906,381.01,381.209154589372,19.602349215852716,10.128203272439467,10.209570667017292,1.1968212128782518,5ln_1000_3_10m.csv,1000,5,3,10
0,False,4.01,10.109527892860584,21.256656848309966,4.01,10.08177955487041,22.113630940435492,8.01,9.998727237691492,6.766311534031266,286.01,286.44202620676367,16.7245628796684,9.905358175468912,9.988325104635283,1.2150006817450794,5ln_500_6_10m.csv,500,5,6,10
1,True,4.01,9.860873393965642,20.871147920253282,4.01,9.902449833982965,21.546519641957204,8.01,10.026890428757039,6.660695196414792,286.01,286.6231081276166,16.971205633196494,9.982671021986151,10.042476359028482,1.2152101431336435,5ln_500_6_10m.csv,500,5,6,10
0,False,0.01,0.9782224933902787,1.7086445103839343,0.01,0.9399877974374619,1.6143801526972081,1.01,0.9658673988204189,1.0319966963006102,40.01,40.244238356721574,6.356271678605236,0.9383763795620186,0.9641835006378507,0.28868427086507137,10ln_1000_3_1m.csv,1000,1,3,1
1,True,0.01,1.0236260573820528,1.6159786251147334,1.01,1.040020929624139,1.6368314903875723,1.01,1.028923868492195,1.0670255321281517,40.01,40.527920990668875,6.376304101441734,0.9988761563817405,1.0296459167492533,0.3167332845913337,10ln_1000_3_1m.csv,1000,1,3,1
0,False,0.01,0.9946231920832276,1.9779327252900942,0.01,0.9430626744481095,1.8697257619415464,1.01,0.9965516366404465,1.0937907508494535,40.01,39.898200964222276,6.309558716577451,0.967066496620122,0.9947408706662908,0.2984794334937451,5ln_1000_6_1m.csv,1000,5,6,1
1,True,0.01,1.0330225666742647,1.9870405389719783,0.01,1.1102203479978725,2.1419391790813753,1.01,1.0301352480814527,1.1066826630344277,40.01,39.9923721601702,6.239982308088324,1.0023989501797383,1.0328463751630375,0.3190247450217239,5ln_1000_6_1m.csv,1000,5,6,1
0,False,0.01,1.0133304933777398,1.7616340099737637,0.01,1.0079474866392997,1.7410594894943683,1.01,1.0098063666640849,1.060667000319755,30.01,30.15019053520254,5.534889952618566,0.9768615293634018,1.0083294971017132,0.33475222726831316,10ln_500_8_1m.csv,500,1,8,1
1,True,0.01,0.9967119901112483,1.6997121408157516,0.01,1.0181891223733002,1.7201239643900201,1.01,1.0107725587144623,1.0680013191376991,30.01,30.04322002472188,5.472622716439498,0.9857813007140076,1.0166649761804025,0.331253842729806,10ln_500_8_1m.csv,500,1,8,1
0,False,0.01,1.005524497487437,3.472102570775113,0.01,0.9570006281407034,3.3319104787019214,1.01,1.0074874371859295,1.2672653596597194,36.01,35.72074120603015,5.9459175623172715,0.972237987494841,1.0062429819647516,0.31961525228669996,2ln_1000_8_1m.csv,1000,2,8,1
1,True,0.01,1.0279697351828498,2.82452071855181,0.01,1.2227994955863808,3.6335345640425456,1.01,1.0200882723833542,1.2971692703058617,36.01,35.69064312736444,6.039956609099484,0.987902925457789,1.0250849248729268,0.32987556364696435,2ln_1000_8_1m.csv,1000,2,8,1
0,False,0.01,0.3671428571428571,0.9787558886372214,0.01,0.29095238095238096,0.5721771128237129,0.01,0.6957142857142857,1.0654584179895517,17.009999999999998,17.371904761904762,4.083163726768062,0.51383295035755,0.5442852696032696,0.2147819728787319,1ln_500_1_1m.csv,500,1,1,1
1,True,0.01,1.047037037037037,3.380303898418614,0.01,1.0514266117969822,3.5680134875621725,1.01,1.0281069958847737,1.474704842956592,21.01,21.381467764060357,4.537532001546159,0.9860083082344746,1.0368313013397294,0.4130244201450096,1ln_500_1_1m.csv,500,1,1,1
0,False,0.01,0.347265787647467,1.171445221843552,0.01,0.4402567661346287,1.1993171682822197,4.01,6.5901526717557255,7.403686786475411,230.01,229.18071478140178,18.785595918219418,5.943035476574083,6.1294064777754524,1.1766138478644914,1ln_1000_2_10m.csv,1000,1,2,10
1,True,0.01,12.386920450665757,70.31154331045836,1.01,12.364045749402527,75.76702845008755,6.01,10.85124274496415,12.594097631832103,259.01,259.7559883919426,19.71727791664997,10.620849630889113,10.964580960315049,3.3561490636224653,1ln_1000_2_10m.csv,1000,1,2,10
0,False,0.01,2.824285714285714,7.682627249130164,0.01,2.2385714285714284,6.268714973828626,3.01,6.290952380952381,7.480892345489466,168.01,169.30523809523808,13.720674728846596,5.364829258195332,5.5535220114789245,1.0600097376060487,1ln_500_1_10m.csv,500,1,1,10
1,True,1.01,10.423991769547325,40.812609860260814,1.01,10.457736625514402,49.19566908482285,5.01,10.22426611796982,13.414604266191192,211.01,211.7833882030178,15.786156890030767,9.900761408406298,10.2667518182687,2.2022512318176517,1ln_500_1_10m.csv,500,1,1,10
0,False,1.01,5.424029490385444,17.135565852497717,1.01,3.9404992670518237,12.7172199306598,5.01,7.517703141617085,6.740511238732291,768.01,768.05475295335,27.959763746753772,7.374194789304508,7.46120656920251,0.7536518115978719,2ln_10000_4_10m.csv,10000,2,4,10
1,True,3.01,13.069600172587371,46.270004096075176,3.01,14.059359988494174,55.8406731371391,9.01,11.672773862601275,9.858642113341922,789.01,789.5913509755981,29.462816950799997,11.247545226171088,11.71046641259649,2.722297015605927,2ln_10000_4_10m.csv,10000,2,4,10
0,False,0.01,0.41187296416938113,1.2983779252326062,0.01,0.4098371335504886,1.2802190441097572,2.01,3.0253094462540715,2.5770182446297354,189.01,188.17278501628664,19.65311107796818,2.8181672425900017,2.8504317658040605,0.5497165394492686,3ln_5000_1_10m.csv,5000,3,1,10
1,True,2.01,11.080478179919169,47.504091179481094,2.01,11.080705235911177,47.00998935366046,8.01,10.789001861859134,7.82913598727252,295.01,294.84916261750146,30.056665695876614,10.588532537263813,10.808505952644527,2.3684223822638644,3ln_5000_1_10m.csv,5000,3,1,10
0,False,0.01,0.896161827796069,1.4420596676851374,0.01,0.8926698593235558,1.4032355544987298,1.01,0.9703911004689214,1.017962563933055,31.01,30.808962386511023,5.505117348742935,0.9710640099494589,1.0007667818970232,0.32887187890416225,10ln_500_4_1m.csv,500,1,4,1
1,True,1.01,1.0704663487016428,1.5745472695813332,1.01,1.0723211446740857,1.5688605267083708,1.01,1.031038685744568,1.0649242618061094,31.01,30.825368309485953,5.564792563506352,0.985298880366758,1.0149043214120899,0.3334649975333315,10ln_500_4_1m.csv,500,1,4,1
0,False,0.01,0.9799428360685967,2.819875337082727,0.01,0.8921685413977503,2.5389516514443518,1.01,0.9528360685967177,1.1898593400981963,37.01,36.99303522035773,6.099422774152043,0.9147277129365796,0.950198691300857,0.297369780522087,2ln_1000_4_1m.csv,1000,2,4,1
1,True,0.01,1.0301832590391282,2.3868502018175715,0.01,1.0891233283803863,2.677562779615457,1.01,1.0483853392768698,1.2519260972275479,37.01,37.55494799405646,6.069062631354312,1.0085983829455683,1.0501563270276688,0.3478150846496231,2ln_1000_4_1m.csv,1000,2,4,1
0,False,0.01,1.0305679311081062,2.201828031656876,0.01,0.9993246032310867,2.1197998745682476,1.01,0.9954102910824851,1.1102245327607867,39.01,39.226425877161766,6.287313379400329,0.96406883339167,0.9927166765724892,0.30532404797076945,5ln_1000_4_1m.csv,1000,5,4,1
1,True,0.01,0.9963169357511481,2.020738192009408,0.01,1.0171019364613418,2.0041497515847158,1.01,1.0197059798305004,1.122577574471866,39.01,39.207623218597604,6.226984595586604,0.9912245900384444,1.0214979393721866,0.3144453815947034,5ln_1000_4_1m.csv,1000,5,4,1
0,False,0.01,0.7486289798570499,1.2211548534278382,0.01,0.6812150747238466,1.1195434916835936,1.01,0.8100324886289798,0.9334335169387483,37.01,36.7819298245614,6.1052478987131495,0.7981121138993093,0.8180522211231622,0.238821878728608,10ln_1000_1_1m.csv,1000,1,1,1
1,True,1.01,1.0359281938893903,1.5548483801941912,1.01,1.042615701946629,1.5756383285647757,1.01,1.0298369214902667,1.0626387930858117,38.01,38.24266082248292,6.1791048385142275,0.9985238760152114,1.0290413582371698,0.325455583726813,10ln_1000_1_1m.csv,1000,1,1,1
0,False,0.01,0.6199272349272349,1.6858484344729907,0.01,0.5523596673596674,1.4661145620575837,0.01,0.758960498960499,0.973724975568948,29.01,29.56691268191268,5.577945358957706,0.7174963827329467,0.7455057536075774,0.25073566307138867,3ln_1000_2_1m.csv,1000,3,2,1
1,True,0.01,1.108014888337469,2.4907309348593083,0.01,1.1249928170301684,2.6015645349917835,1.01,1.0730795350659528,1.2105207511934009,31.01,31.44705106438553,5.6385374897733245,1.0257241941942574,1.0764603539322217,0.40060251351799264,3ln_1000_2_1m.csv,1000,3,2,1
0,False,3.01,7.908372128404077,16.640464803158302,3.01,7.208843754754297,15.57181110720033,8.01,8.886768598813326,5.690326953760531,370.01,370.15194431766315,19.194096866667845,8.787854525775371,8.837299216427915,0.9424754801062781,5ln_1000_2_10m.csv,1000,5,2,10
1,True,5.01,10.536990424598482,19.430396104484092,4.01,10.712399572731087,20.641770467820685,9.01,10.291654141075039,6.27317478948531,378.01,377.7448643802693,19.599360957065297,10.203511135048911,10.304058759028694,1.2559997659879614,5ln_1000_2_10m.csv,1000,5,2,10
0,False,0.01,1.01007669593895,2.070175505595776,0.01,0.9870295662844653,2.012779777450289,1.01,1.0061652030524983,1.1220847165306584,40.01,39.87708593779959,6.329438617639484,0.9787040778220616,1.0079336165027761,0.3036715312659644,5ln_1000_8_1m.csv,1000,5,8,1
1,True,0.01,1.0096925441967717,2.055876862011453,0.01,1.1020830130668715,2.293093616185606,1.01,1.0253727901614142,1.1330915595467521,39.01,39.77003074558032,6.288698252127508,0.9891304005950554,1.018283640654436,0.31023192961281165,5ln_1000_8_1m.csv,1000,5,8,1
0,False,0.01,0.9945906546200322,1.5069998573174415,0.01,0.9864979768305526,1.5079985403446532,1.01,1.0102217171997117,1.0606340172115216,31.01,30.78140956709717,5.530971520128225,0.9720823076705428,1.0060973646515807,0.33183312770615647,10ln_500_6_1m.csv,500,1,6,1
1,True,0.01,1.0330897009966777,1.6760574643786033,1.01,1.0452159468438538,1.6900118091758805,1.01,1.0096677740863786,1.057606415026451,31.01,30.800033222591363,5.554053707248235,0.9835568386980925,1.0158477943788067,0.33161407598299936,10ln_500_6_1m.csv,500,1,6,1
0,False,1.01,5.022303149606299,15.124832480669706,1.01,3.448976377952756,10.482134881994508,5.01,7.091692913385827,6.068314482456402,275.01,275.2875590551181,18.15000487204344,6.7110268048768145,6.967610364413567,1.3839570215890953,1ln_1000_3_10m.csv,1000,1,3,10
1,True,3.01,12.139649085942423,28.15722165369951,2.01,12.811428871611682,35.920979988556965,9.01,11.256060096658961,8.981285287734421,298.01,298.46429712124393,20.236681771429105,10.772173524158127,11.309040920258797,3.3126864051629283,1ln_1000_3_10m.csv,1000,1,3,10
0,False,6.01,9.970424428373144,13.51442323823942,6.01,9.765862371246985,13.457052203490388,9.01,9.995572357367228,4.74295656396147,416.01,415.7229081744466,20.318388428866907,9.954836358794914,9.99285629312596,0.9923597020580754,10ln_1000_8_10m.csv,1000,1,8,10
1,True,6.01,10.168221378504672,14.177434348561047,6.01,10.986051401869158,15.409702696454742,9.01,10.067681074766355,4.749300457325178,416.01,416.04234521028036,20.054355984290268,10.031020561439647,10.07853977902998,1.015036582898695,10ln_1000_8_10m.csv,1000,1,8,10
0,False,3.01,9.567404758808998,26.75632809414984,3.01,8.927435964113899,26.29489305471816,7.01,9.624224418151087,8.197833484676176,371.01,371.056677935249,19.080959002096645,9.46978435382712,9.580485477873557,1.1667443612936224,3ln_1000_4_10m.csv,1000,3,4,10
1,True,3.01,10.30528105482304,28.19147629618933,3.01,10.732241498959056,31.137408071714198,8.01,10.267373351839,8.442115445831925,373.01,373.7695419847328,19.264847065834672,10.172993815545796,10.296554145530393,1.3543241448134664,3ln_1000_4_10m.csv,1000,3,4,10
0,False,0.01,0.9489101006594932,2.438973850383492,0.01,0.8607462686567163,2.026424107641913,1.01,1.000628254078445,1.180741125417057,38.01,38.07363531181303,6.134994908664052,0.9565075907504944,0.9879912448345584,0.310224101881033,2ln_1000_6_1m.csv,1000,2,6,1
1,True,0.01,1.101906005221932,2.963904064429401,0.01,1.2345430809399478,3.3618874913439116,1.01,1.0240992167101828,1.1782217405731996,38.01,38.243246301131414,6.131898791717526,1.0030922562652944,1.0431108217397584,0.34402094735976546,2ln_1000_6_1m.csv,1000,2,6,1
0,False,3.01,9.85689812179852,27.253956542520775,3.01,9.124684120660216,24.888574815804677,7.01,9.964752418895845,8.234773934131898,286.01,285.4613375071144,16.950659116854194,9.779994849232963,9.905131066977981,1.3781536590198133,2ln_500_6_10m.csv,500,2,6,10
1,True,3.01,10.239424307036249,24.56532151657707,3.01,11.336652452025586,28.997070761071488,7.01,10.077803837953091,8.42321823630283,286.01,286.50978678038376,17.13219343815319,10.029239300027982,10.167146878737459,1.4551294921994142,2ln_500_6_10m.csv,500,2,6,10
0,False,3.01,9.073751763046545,23.069709798492685,3.01,8.83002820874471,24.16999834457239,7.01,9.241875881523272,7.057755088697777,281.01,281.24497884344146,16.62327625293296,9.815168061891882,9.886674665709288,1.2642763683671072,3ln_500_4_10m.csv,500,3,4,10
1,True,4.01,10.503825323612556,21.215342865002253,4.01,10.632377622377621,22.46968723426282,8.01,10.415148043445914,7.909738025785821,281.01,281.3688751673858,16.688704446886103,9.965727010767454,10.075048104457748,1.2938280751576685,3ln_500_4_10m.csv,500,3,4,10
0,False,0.01,0.5624752475247525,1.6858646315402335,0.01,0.5010891089108911,1.180624803920159,0.51,0.8397029702970296,1.088141736604484,25.01,24.802079207920794,5.023269602181193,0.793202188430058,0.8355871677652595,0.31741229188859027,1ln_500_3_1m.csv,500,1,3,1
1,True,0.01,1.2029974380871051,3.3149348889885486,0.01,1.229470538001708,3.3830741944754257,1.01,1.0834415029888982,1.2516316666309018,26.01,26.07618274978651,5.053694672992776,1.0086082270387864,1.0852164647980733,0.44593767225522235,1ln_500_3_1m.csv,500,1,3,1
0,False,0.01,0.09397618431271032,0.4253165910254052,0.01,0.1692026922081284,0.4362337351367113,0.01,0.3445068599534041,0.6530034788818218,27.01,26.795089308827336,5.310348234357431,0.3110853297557475,0.3302839618704341,0.13427046271496162,1ln_10000_2_1m.csv,10000,1,2,1
1,True,0.01,1.2392462975679912,5.411431462148139,0.01,1.2204199328832972,5.232784734365908,1.01,1.1765478951528265,1.5444857325756816,34.01,34.58142486945931,6.870030810393632,1.0502439800179983,1.180107351435916,0.6559580475512163,1ln_10000_2_1m.csv,10000,1,2,1
0,False,2.01,5.794341609654854,16.513159443979816,1.01,4.479021446690752,13.311743064400554,5.01,7.063078637866092,6.0552087685415525,525.01,525.2907287262664,23.25228044408015,6.893184022845831,6.972833235095048,0.7772003912165363,2ln_5000_3_10m.csv,5000,2,3,10
1,True,4.01,11.819592159968323,30.012752263490196,3.01,12.384199828416815,36.89895061329728,9.01,11.274980531907874,8.9367696551799,550.01,550.4761783145252,24.549806598049983,11.012496195166031,11.313718816229411,2.2963849446372655,2ln_5000_3_10m.csv,5000,2,3,10
0,False,0.01,0.444238574095261,1.253487846516618,0.01,0.362899379779611,0.999204765299539,0.01,0.6232112964412597,0.8697236021053493,61.01,60.86759017281869,7.803882555461865,0.5937534090858166,0.6118880126112748,0.16605088390161654,3ln_10000_3_1m.csv,10000,3,3,1
1,True,0.01,1.252535945687808,3.4290859345522016,0.01,1.2874051988951702,3.6330395034467355,1.01,1.1758122305686776,1.2810671197683845,64.00999999999999,64.49558300420765,8.074798333054703,1.1194636731139425,1.180666402709532,0.45209662920425675,3ln_10000_3_1m.csv,10000,3,3,1
0,False,0.01,0.5250174235300624,1.488636842087671,0.01,0.4374019580729023,1.2343209230830225,0.01,0.7261347419658166,0.9621312085235278,54.01,54.103616903589796,7.3778913010678995,0.6979678204508645,0.7186445083413532,0.19952630210211772,3ln_5000_3_1m.csv,5000,3,3,1
1,True,0.01,1.2177922077922079,3.68796647899306,0.01,1.2553313110247417,3.792415888811352,1.01,1.1316229026448004,1.2624264138439651,56.01,56.58306379751635,7.583659078494687,1.0782828931707242,1.1348321152170033,0.41395028377037,3ln_5000_3_1m.csv,5000,3,3,1
0,False,4.01,7.138005198180636,9.144397475142975,4.01,6.697621832358674,8.566690606185087,7.01,8.05320987654321,3.9032679381160276,368.01,368.23417153996104,19.31688226444257,8.06144790297085,8.088123193369238,0.7778663517363865,10ln_1000_1_10m.csv,1000,1,1,10
1,True,6.01,10.294903957715611,12.952467534990538,6.01,10.338590305530488,13.181473066946829,9.01,10.204114992909629,4.730315779185015,383.01,382.59389196854454,19.637643747263372,10.141964998610067,10.20065156667556,1.129189805290201,10ln_1000_1_10m.csv,1000,1,1,10
0,False,2.01,5.831980703322903,16.010814203713515,1.01,4.430410520041723,12.187581545122669,6.01,7.649407316346297,5.839614393860223,806.01,806.337065638504,28.385499713941314,7.5322438715993965,7.594276241396312,0.683401871207766,3ln_10000_4_10m.csv,10000,3,4,10
1,True,4.01,12.797249773227133,40.16988039948007,3.01,13.73226847422245,46.5439624445256,9.01,11.584803981261727,8.28550796234556,826.01,826.6304194987388,29.491622460487044,11.315349818488182,11.621583149867849,2.179473069660898,3ln_10000_4_10m.csv,10000,3,4,10
0,False,0.01,0.7385266774454325,2.8905940604709865,0.01,0.6128193209377526,2.0139571943094774,0.01,0.8682255456750201,1.284307499070358,62.01,61.93385812449474,7.836301574300088,0.8320338902371535,0.8602586300513095,0.2389658800640259,1ln_5000_4_1m.csv,5000,1,4,1
1,True,0.01,1.190495834453104,4.062820088018658,0.01,1.27407551733405,5.512834374561087,1.01,1.1042622950819672,1.5215664441118664,63.01,63.062674012362265,7.939108403321022,1.030817237338764,1.1095592983749154,0.41648224393887007,1ln_5000_4_1m.csv,5000,1,4,1
0,False,0.01,0.8927231121281465,2.066850447323323,0.01,0.775446224256293,1.8392516322282586,1.01,0.9413501144164759,1.0978883863272584,28.01,28.307482837528607,5.2806365575071945,0.8884950190823863,0.9181654793113535,0.3050577922105079,3ln_500_2_1m.csv,500,3,2,1
1,True,0.01,1.03620813091281,2.0228722622505853,0.01,1.0624162618256199,2.106865845070735,1.01,1.0253413449245716,1.1650714634620765,29.01,28.870649450268473,5.424825467385183,0.9901158437094089,1.030522467676266,0.3580209514097397,3ln_500_2_1m.csv,500,3,2,1
0,False,2.01,9.700996168582376,29.670022239818692,2.01,9.350613026819923,29.91286403601552,7.01,9.986500638569604,9.290912330553493,369.01,369.5477394636015,19.390947817709016,9.86412767622445,10.00616703137856,1.2774983540366815,3ln_1000_8_10m.csv,1000,3,8,10
1,True,2.01,11.244123947972456,40.7419739003885,2.01,12.643511859219586,47.28971270465923,7.01,10.103853608773273,9.440785674455954,369.01,369.5241545524101,19.078740334749607,9.89411453445964,10.0253084133159,1.3244050598597528,3ln_1000_8_10m.csv,1000,3,8,10
0,False,0.01,0.6044330988578777,1.6450539533528545,0.01,0.5399523485364194,1.4899379844840008,1.01,1.8179570380455337,1.7723893511079114,134.01,133.8144777248317,14.845279673164217,1.6938788088810246,1.730098596290709,0.3780262201140064,3ln_10000_1_10m.csv,10000,3,1,10
1,True,3.01,11.05508494661159,29.715864831376646,3.01,11.062249624957452,30.471835683791948,9.01,10.920246120358192,7.306519689424603,267.01,268.0636531455249,30.69878453969429,10.702527132689594,10.93000837455039,2.289138667568564,3ln_10000_1_10m.csv,10000,3,1,10
0,False,6.01,9.75702973950262,13.43459095882676,5.01,9.270423584975278,12.979719430812402,9.01,9.74337761050845,4.698642770862548,407.01,407.2275854180503,20.1062488107044,9.651630923477608,9.697488395062637,0.969461849503611,10ln_1000_4_10m.csv,1000,1,4,10
1,True,6.01,10.178630248173747,13.450559429715796,6.01,10.503002435005042,13.996007979220604,9.01,10.18773077206877,4.74722551337085,409.01,409.2113429421748,20.179992292089267,10.16944944294092,10.218320572521636,1.0627592850879684,10ln_1000_4_10m.csv,1000,1,4,10
0,False,3.01,9.688809886376946,24.496679615265524,2.01,9.521889422513762,26.40686060786149,7.01,9.991960876186013,9.65424540335579,277.01,276.6643282183437,16.71397468264707,9.852712252879488,10.003766832299501,1.3876897216662003,3ln_500_8_10m.csv,500,3,8,10
1,True,3.01,11.297928604978864,35.7413069756231,3.01,11.967256928135274,38.1854467218102,7.01,10.082334429309535,9.576189841899785,277.01,277.14480507280416,16.564812201265887,9.931227616375836,10.034994153433118,1.365700409339886,3ln_500_8_10m.csv,500,3,8,10
0,False,0.01,0.3192558769810876,0.9999327075439657,0.01,0.30370176162139867,0.8185949027424841,0.01,0.5391934248512343,0.820460164810089,36.01,36.6355818063984,6.078041309850612,0.5000012252485606,0.5210060672278324,0.17291892592240235,2ln_5000_2_1m.csv,5000,2,2,1
1,True,0.01,1.1825741874705606,3.4664352589328797,0.01,1.1864601978332547,3.49901750532757,1.01,1.1276254121526141,1.303307246557082,41.01,41.65269312293923,6.574910698522705,1.0681927186553062,1.13216930671429,0.4608495270460159,2ln_5000_2_1m.csv,5000,2,2,1
0,False,0.01,0.06542821421129402,0.28409854473772284,0.01,0.15315482392165033,0.3891645790731935,0.01,0.2656782663054803,0.5545076127799554,13.01,13.619085226088767,3.848275109458645,0.2173897154356924,0.23966694636616773,0.1272264778010851,1ln_5000_1_1m.csv,5000,1,1,1
1,True,0.01,1.1140299261027218,4.223115097907202,0.01,1.1043682012209115,4.096533163731178,1.01,1.0919754899710836,1.4065590176119738,25.01,24.99935144811126,6.066846357324568,1.0262745799426023,1.0948402332672869,0.523300835530593,1ln_5000_1_1m.csv,5000,1,1,1
0,False,2.01,9.192026894063627,32.55640156959444,2.01,8.135942932108888,30.318073433901805,6.01,8.890944571990817,8.625592582626096,335.01,335.62757953427354,19.10567808147808,8.693789549581101,8.807770714183937,1.1979411102139903,2ln_1000_2_10m.csv,1000,2,2,10
1,True,3.01,10.213591836734693,24.739026858608423,3.01,10.476448979591837,28.687207796097322,7.01,10.288530612244898,9.426867895409206,344.01,344.2799591836735,18.81358648449225,10.121051337316743,10.309232415710458,1.5624672354330738,2ln_1000_2_10m.csv,1000,2,2,10
0,False,0.01,1.003608006428519,1.595547651879838,0.01,0.9888698955365621,1.574524103435403,1.01,1.0110957703265395,1.0533736736391144,42.01,41.77702096573891,6.459255193462871,0.9802641951638059,1.0081803857715939,0.29840843996017696,10ln_1000_8_1m.csv,1000,1,8,1
1,True,1.01,1.035554906542056,1.6762642051551684,1.01,1.094477219626168,1.7441554174599883,1.01,1.0056191588785046,1.0625469394363218,42.01,41.834255257009346,6.515754392633299,0.9855324478257179,1.0172747369079012,0.30257367326450985,10ln_1000_8_1m.csv,1000,1,8,1
0,False,0.01,0.3746226415094339,1.4319793108254044,0.01,0.4265094339622641,1.3390039774524454,5.01,7.147264150943395,5.678380887255054,261.01,261.21424528301884,23.35984140695361,6.718243655869638,6.776890032360672,1.323140809373812,3ln_1000_1_10m.csv,1000,3,1,10
1,True,1.01,11.066423251965245,37.05105992748095,1.01,11.060734381464625,38.17147436047561,8.01,10.323870500620604,7.873725821388991,293.01,293.04480554406285,17.54048636150759,10.213372084947643,10.364478337370464,1.5851239938446173,3ln_1000_1_10m.csv,1000,3,1,10
0,False,1.01,10.23936616507068,52.5117161442528,1.01,9.548531691746467,59.87414772906109,4.01,9.92062471500228,16.85959839756915,330.01,330.15272685818513,18.302317758818443,9.54161117734656,9.941071173150902,1.9301042761744622,1ln_1000_6_10m.csv,1000,1,6,10
1,True,1.01,9.66238424326192,36.01069616107264,1.01,10.709378023496889,56.09600696608488,4.01,10.145452660677263,17.921005201458403,331.01,331.5587214927436,18.413582415604555,9.723549132774128,10.114465043040811,1.954896606171733,1ln_1000_6_10m.csv,1000,1,6,10
0,False,0.01,0.3613849339891276,1.4553189758884548,0.01,0.38747864354128914,1.2115645853321289,2.01,3.292888946414703,3.616865722614035,266.01,265.69646129950814,19.668308346070837,3.0971975004846315,3.183821172901859,0.60827615582625,1ln_10000_2_10m.csv,10000,1,2,10
1,True,1.01,12.424685341867606,98.83060399876582,1.01,12.41815506808847,105.79473485615304,7.01,11.691040179323391,13.0784808187435,339.01,344.22450135399527,39.54332980877114,10.67630069226554,11.718335739584608,5.041185514285005,1ln_10000_2_10m.csv,10000,1,2,10
0,False,3.01,6.939316338354577,11.186703259248759,3.01,5.948586326767091,9.880594839366708,6.01,8.020428736964078,5.78430011100807,261.01,259.9960950173812,15.665286417379203,7.696259550680995,7.765392690585054,0.921521405299087,3ln_500_1_10m.csv,500,3,1,10
1,True,4.01,10.339151658179107,19.051951687917335,4.01,10.445349646006706,20.992039601830307,8.01,10.223265432865482,7.0426281730665625,275.01,275.10005092535084,16.72191894051959,10.144944485928985,10.250603168305187,1.3650052673640438,3ln_500_1_10m.csv,500,3,1,10
0,False,2.01,8.806983758700696,28.629185522418265,2.01,8.1845939675174,29.273644869277003,7.01,9.409651972157773,8.972442487798753,273.01,273.60280742459395,16.609232355127638,9.295199172105308,9.427985934874904,1.3837498653678153,2ln_500_3_10m.csv,500,2,3,10
1,True,3.01,10.525792091519522,25.272535617107273,3.01,10.792641134046256,29.28271028235586,7.01,10.267398657050485,9.426418264167632,277.01,277.1748843571251,16.75864432523431,10.041632876051723,10.259537987633832,1.6881913508896313,2ln_500_3_10m.csv,500,2,3,10
0,False,0.01,0.24188984234683694,0.961544179691526,0.01,0.3085432049491119,0.8985434737914537,3.01,5.184815406106566,6.437634794176323,328.01,327.39724805428057,21.27061088372085,4.7971336521826755,4.915417944235285,0.7802565441974343,1ln_5000_2_10m.csv,5000,1,2,10
1,True,0.01,12.454222510736043,96.71057112980343,0.01,12.437544192549685,106.97246750732218,6.01,11.217380405472884,14.537188239490083,375.01,377.1653480475382,28.74941410492924,10.272008071543382,11.284790306673173,4.327755494005921,1ln_5000_2_10m.csv,5000,1,2,10
0,False,0.01,0.39892307692307694,0.8627586494239352,0.01,0.36138461538461536,0.7664716860797594,0.01,0.5235384615384615,0.748426955605542,21.01,20.792461538461538,4.616509252850424,0.4629199256910017,0.4863618455041192,0.19195575576268328,5ln_1000_1_1m.csv,1000,5,1,1
1,True,0.01,1.078076646213965,1.9043240304757405,0.01,1.0822585952764543,1.8802749637841734,1.01,1.0641939464573407,1.108709882496876,26.01,26.373898124978574,5.184954533438306,1.0276994902894336,1.0683355843455116,0.39995938191076424,5ln_1000_1_1m.csv,1000,5,1,1
0,False,0.01,0.9863855066046786,1.5698076412607882,0.01,0.9354298575750867,1.5193461563392638,1.01,0.9751686222419008,1.0361375480071853,41.01,40.74596044572356,6.361618254643596,0.9533150217292696,0.9791886449808344,0.2890180897761344,10ln_1000_4_1m.csv,1000,1,4,1
1,True,1.01,1.0257414467373391,1.5675772524494274,1.01,1.059708537275254,1.6258117810547776,1.01,1.0332186339375753,1.064526785430007,41.01,40.88224832132228,6.425691668946174,1.000380902575848,1.0305388824490107,0.31395682121115304,10ln_1000_4_1m.csv,1000,1,4,1
0,False,0.01,0.9416012725344645,1.9989621397509076,0.01,0.8779745493107104,1.7162239815331741,1.01,1.0142417815482503,1.0988216658980698,31.01,30.886988335100742,5.359018343821274,0.9343822940944484,0.9902938421890347,0.3691130014411035,1ln_500_6_1m.csv,500,1,6,1
1,True,0.01,1.1136977491961413,2.202832775498198,0.01,1.21016077170418,2.218397435650006,1.01,1.0035691318327973,1.1430114185871656,31.01,31.136205787781353,5.559535573543728,0.9534465292235978,1.039876055973859,0.4399152054386459,1ln_500_6_1m.csv,500,1,6,1
0,False,0.01,0.9068092328581127,1.3907613525440135,0.01,0.8428581126951799,1.29780914378815,1.01,0.9603054989816701,1.0274486400072285,30.01,30.512919212491514,5.556792693172035,0.9482288423909316,0.9747732478015647,0.3222747111613406,10ln_500_3_1m.csv,500,1,3,1
1,True,1.01,1.0451039260969976,1.483637035893034,1.01,1.0668591224018475,1.5199264081584822,1.01,1.026905311778291,1.0591498280053906,30.01,30.62071593533487,5.589830588636329,0.9894998550399887,1.0219836041543406,0.33863141195159036,10ln_500_3_1m.csv,500,1,3,1
0,False,4.01,8.228824328916073,14.84677092081116,4.01,7.710985389058783,14.719018750065372,8.01,9.049755351681958,5.3104295821197915,288.01,287.6647740400951,16.808770193351286,9.17416956181283,9.232425424181855,1.0213494569768298,5ln_500_2_10m.csv,500,5,2,10
1,True,5.01,10.423016073116923,16.85650472710469,5.01,10.543091711314212,17.528128617848697,9.01,10.232659943271353,5.837696337301193,291.01,291.3376079420107,16.91497229141521,10.114690561673488,10.190302708527634,1.2331098812060646,5ln_500_2_10m.csv,500,5,2,10
0,False,0.01,1.0256564526951466,3.6675889845174505,0.01,0.9406642809214941,3.441570642135164,1.01,0.9697405502124804,1.2867204465674817,34.01,34.553502572131514,5.886193012182927,0.9245833193528252,0.9586631160354706,0.30932957096732716,2ln_1000_3_1m.csv,1000,2,3,1
1,True,0.01,1.0032705248990579,3.0489946730316952,0.01,1.0398019611613152,3.4053855076806747,1.01,1.0273043645452795,1.3393128065566093,35.01,34.80244376081523,5.864974983126276,0.9907787117980031,1.0320656804658153,0.35009876938084256,2ln_1000_3_1m.csv,1000,2,3,1
0,False,0.01,0.1479828265366849,0.5650749393309014,0.01,0.16881202709213025,0.49899341517716783,0.01,0.41813897469322975,0.7105248892723358,34.01,34.145630685521574,5.87869032440543,0.3796802672375766,0.39747934266452,0.13889740776963455,2ln_10000_2_1m.csv,10000,2,2,1
1,True,0.01,1.2259004606463244,5.490656950790466,0.01,1.2206835877889686,5.183697028902643,1.01,1.1582372647971098,1.3881128388768043,41.01,41.151182065313826,6.815544046329436,1.0827430672009182,1.1634116675921973,0.5243384089937796,2ln_10000_2_1m.csv,10000,2,2,1
0,False,0.01,1.0047077825379733,1.616814608150832,0.01,0.9721526266352035,1.5863428378601652,1.01,1.0031728103736626,1.0539859137116074,41.01,41.30377534422323,6.432753173256096,0.9739086599615786,1.0006959338589794,0.29596754231874306,10ln_1000_6_1m.csv,1000,1,6,1
1,True,0.01,1.0179324199031627,1.630339574904167,1.01,1.066728821125648,1.6746153813323537,1.01,1.0202331650698808,1.046300234079816,41.01,41.322042855671164,6.39190407669234,0.9957722166659808,1.0239457155657226,0.3051618490333441,10ln_1000_6_1m.csv,1000,1,6,1
0,False,0.01,3.1951620298009797,12.371888690692808,0.01,2.2400718974679585,8.324259511435598,4.01,6.1629644680629365,7.220196540644771,577.01,577.0363971379945,24.724441712573377,5.9427307799144975,6.072507217049287,0.8373264561591408,1ln_10000_3_10m.csv,10000,1,3,10
1,True,2.01,12.940372184718322,65.78365450578355,1.01,13.351059800465977,83.2858140673323,7.01,11.664220682239081,13.89028266321893,611.01,612.5140623693172,31.0813136878673,10.74629829277054,11.703117192095318,4.3310223475441,1ln_10000_3_10m.csv,10000,1,3,10
0,False,0.01,0.980726656626506,2.3588037626398655,0.01,0.9433584337349398,2.2019566699254827,1.01,0.9765850903614458,1.1071357515455815,38.01,37.74512801204819,6.120204256692872,0.9329659514030525,0.9625530998163043,0.2920164679563819,5ln_1000_3_1m.csv,1000,5,3,1
1,True,0.01,1.0225201288244765,2.118429920842219,0.01,1.038502415458937,2.166615704653971,1.01,1.0242914653784219,1.1365544288049174,38.01,38.047600644122376,6.154030509288651,0.9980359515703201,1.0302929093217223,0.3255900627037285,5ln_1000_3_1m.csv,1000,5,3,1
0,False,2.01,5.482173913043479,10.8325577642399,2.01,4.704782608695652,9.169702101855494,7.01,8.065652173913044,5.597497129733961,248.01,248.60304347826087,16.196668374921845,7.599578196736575,7.7149862647190774,1.1138995927620106,2ln_500_2_10m.csv,500,2,2,10
1,True,4.01,11.152637700241387,28.194605013451426,3.01,11.348819398727233,31.024335738256788,9.01,10.500673688830371,7.035574560842899,263.01,263.39819398727235,16.522115734634728,10.418035826212488,10.589167389855833,1.7912430850896566,2ln_500_2_10m.csv,500,2,2,10
0,False,1.01,8.637311522048364,32.90273286616653,1.01,7.842147937411095,32.358032515368485,5.01,9.629487908961593,12.24690900159906,256.01,256.4730156472262,16.339711615205527,9.293482183176113,9.587417544085971,1.6995792582227423,1ln_500_4_10m.csv,500,1,4,10
1,True,2.01,10.915678085405911,31.56388589237451,1.01,11.44031440638198,38.8031531660611,5.01,10.261055842327545,13.211473977543974,258.01,258.2831112153918,16.42880570630476,9.90902757223027,10.288813201790289,2.0932008028395566,1ln_500_4_10m.csv,500,1,4,10
0,False,6.01,9.816828889751122,12.542287227007042,5.01,9.849532176708609,12.962932070025,9.01,10.006563383404467,4.850273650643786,307.01,307.4886320048778,17.307942008695886,9.942111080638824,9.991941353818715,1.1014621893864696,10ln_500_6_10m.csv,500,1,6,10
1,True,6.01,10.299451827242525,14.851599325447655,6.01,10.250448504983389,14.715455765625212,9.01,10.01514950166113,4.839509852608788,308.01,307.65335548172754,17.477707772921587,9.995715698200552,10.03705947140834,1.0922876576077007,10ln_500_6_10m.csv,500,1,6,10
0,False,0.01,0.11523891767415084,0.49638124269747047,0.01,0.15997121473805412,0.51285086009331,1.01,1.443103051237766,1.628216524936944,93.01,93.02485319516407,13.764190606509176,1.315485526286218,1.3668937726528971,0.3963135957739174,2ln_10000_1_10m.csv,10000,2,1,10
1,True,1.01,11.108925831202047,50.61653752663707,1.01,11.103957800511509,52.03841896014836,8.01,10.961451406649616,9.3170536303332,232.01,233.46641943734016,42.15493375460373,10.800161467957295,10.969915314379914,2.9781414322830786,2ln_10000_1_10m.csv,10000,2,1,10
0,False,1.01,3.535130852513085,10.858039750427784,1.01,2.4514569441456944,7.318602983762492,4.01,5.8293159819315985,5.823388288599044,412.01,412.2019409191941,20.897133165622368,5.575411330484692,5.713951924629366,0.8919209442962663,1ln_5000_3_10m.csv,5000,1,3,10
1,True,3.01,12.789727275525594,47.015595532189295,2.01,13.254959522270447,53.91032986313595,8.01,11.804810231785021,11.09610872306584,449.01,450.51626404407915,26.788909022101667,11.162226828978357,11.854337196638477,3.8340541011397176,1ln_5000_3_10m.csv,5000,1,3,10
0,False,2.01,7.319659378735993,19.08149418074198,2.01,6.023940953577435,15.932514980673846,7.01,8.465532815951045,6.3990788451269776,660.01,660.6533709549958,25.721224398843187,8.321951786472493,8.389447945639509,0.8006492284853652,3ln_5000_4_10m.csv,5000,3,4,10
1,True,4.01,11.800404142562401,35.43124309662883,3.01,12.66269630648489,40.41852860342539,9.01,11.03783284113435,7.861218483258993,673.01,673.4909256037865,26.08478725999696,10.854325487079814,11.088466826257058,1.7297806058331662,3ln_5000_4_10m.csv,5000,3,4,10
0,False,0.01,1.023157894736842,3.8162013151305922,0.01,1.0046172248803829,3.376641228448168,1.01,1.015980861244019,1.3924586835503907,24.01,24.46873205741627,4.896179229882084,0.9701672873712348,1.0104631763503786,0.3665033995442812,1ln_500_8_1m.csv,500,1,8,1
1,True,0.01,0.9563414634146341,3.207446887556521,0.01,1.031951219512195,3.6039601197330273,1.01,0.9856097560975609,1.323919235832022,24.01,24.22219512195122,4.7910016960191335,0.9756660959582786,1.0081111442491875,0.35336127378663595,1ln_500_8_1m.csv,500,1,8,1
0,False,0.01,0.5710583446404341,1.721830746464958,0.01,0.5120352781546812,1.3649909156126443,0.01,0.7162415196743555,0.9579773959334748,27.01,26.971329715061056,5.276650315922314,0.6812552426564895,0.7031575431704998,0.2348443437001213,2ln_1000_1_1m.csv,1000,2,1,1
1,True,0.01,1.0582152172293016,2.522750924672619,0.01,1.0646985617408151,2.494499109102361,1.01,1.042267680155004,1.2668017648666035,30.01,30.232222222222223,5.513485231847329,1.0012634712098918,1.043704879750107,0.37680090886424267,2ln_1000_1_1m.csv,1000,2,1,1
0,False,0.01,0.14948646773074253,0.5316139080315553,0.01,0.23276197085357392,0.5253923185978919,0.01,0.6574670367800138,0.9482854611101816,23.01,22.785156141568358,4.826514629127962,0.6125556196149832,0.6434357968214076,0.26745697347052366,1ln_1000_2_1m.csv,1000,1,2,1
1,True,0.01,1.221676340047798,5.0667647865082115,0.01,1.201191532946398,4.568150413940847,1.01,1.096719016729259,1.4071906570951969,26.01,26.046019119153296,5.182933208883538,1.0210968434678822,1.100170538883638,0.5020400918815907,1ln_1000_2_1m.csv,1000,1,2,1
0,False,4.01,9.882824156305505,18.522968175956237,4.01,9.313882263384928,18.35918850959259,8.01,9.868868307536157,5.8128221526695265,399.01,398.8181197665567,20.105009420996936,9.789605107211294,9.849050227170837,1.048984056845349,5ln_1000_6_10m.csv,1000,5,6,10
1,True,5.01,10.200411062989133,19.139701632000968,5.01,11.052246029936933,21.223718794156806,9.01,10.221306131752906,5.8260717712067365,400.01,400.05194210166405,19.921717708850245,10.1882758574674,10.250978289917068,1.117619184913733,5ln_1000_6_10m.csv,1000,5,6,10
0,False,0.01,0.8608324838600068,1.683841253372274,0.01,0.7850594631328576,1.5807184303822794,1.01,0.8914135236153584,1.0174569609989914,29.01,29.19858307849134,5.489262009943846,0.9001002691295046,0.9225857245385335,0.30549734762647013,5ln_500_2_1m.csv,500,5,2,1
1,True,0.01,1.0445887173022377,1.8443877726386109,0.01,1.0621588402143083,1.8568558233736467,1.01,1.0374976363063346,1.112369238987648,29.01,29.455319886542704,5.446909630369651,0.9961284058624447,1.0302694778351005,0.35199620987643065,5ln_500_2_1m.csv,500,5,2,1
0,False,4.01,8.336605956190006,15.959849255430472,3.01,8.024029042579373,15.78507013849935,8.01,9.156689638198374,5.418083698501431,294.01,294.10894166871765,17.04730454304872,9.646052167398258,9.690160101724462,1.1025105275642937,5ln_500_3_10m.csv,500,5,3,10
1,True,5.01,10.597082289957688,18.035551696605076,5.01,10.706744667990675,19.01151130080822,9.01,10.309369657197132,6.164799829911373,295.01,294.7443061911752,17.256310853182953,10.05615142457395,10.122210474630293,1.2221187380515286,5ln_500_3_10m.csv,500,5,3,10
0,False,0.01,0.9040256045519203,3.5778291013333066,0.01,0.78524893314367,2.7137423652257295,0.01,0.967325746799431,1.3993998573379272,26.01,25.71697012802276,5.218177351363351,0.9365025894832337,0.9766208007712119,0.36312224712586727,1ln_500_4_1m.csv,500,1,4,1
1,True,0.01,1.079920225246363,3.087197696624913,0.01,1.1582871891130924,3.1521020073756367,1.01,1.0381557954012202,1.3904960192220148,26.01,25.85983575786016,5.134068637166232,0.9735384416924664,1.0320230662204017,0.39413946009384465,1ln_500_4_1m.csv,500,1,4,1
0,False,0.01,0.598641782148711,1.6919182203711443,0.01,0.48188384741469226,1.3080750988090335,0.01,0.7732059305617642,1.0036268292966024,80.00999999999999,80.65057144985843,8.96567102595328,0.748720919134672,0.7681905122964734,0.18603825743270794,3ln_10000_4_1m.csv,10000,3,4,1
1,True,0.01,1.2844262335822656,3.8725290080800687,0.01,1.3623180536053778,4.301576893897054,1.01,1.1679706002957366,1.2949693777148152,83.00999999999999,82.7137725064304,9.115676436642989,1.110297577694534,1.1713164975810098,0.4129606032975048,3ln_10000_4_1m.csv,10000,3,4,1
0,False,0.01,0.7486071204230917,1.979489725029819,0.01,0.6312437437944519,1.6453938535539756,1.01,0.8564063544811654,1.0639697431438455,66.00999999999999,65.8906305849932,8.075228604611823,0.826171899846043,0.8481255976102288,0.21724540834913672,3ln_5000_4_1m.csv,5000,3,4,1
1,True,0.01,1.183955257089688,3.319689021767723,0.01,1.262059819032593,3.6516939023887427,1.01,1.1122155696697547,1.2366837829365047,67.00999999999999,67.16371441671049,8.211204182191171,1.0677759678851109,1.1177263593772346,0.36801797515192386,3ln_5000_4_1m.csv,5000,3,4,1
0,False,0.01,0.5795652173913044,1.2425355133094762,0.01,0.5508695652173913,1.0234751677511729,1.01,0.8291304347826087,1.0531477664406381,24.01,24.613478260869567,4.915224398242632,0.7596975629686571,0.7874262091169705,0.292911957966632,2ln_500_2_1m.csv,500,2,2,1
1,True,0.01,1.1186240947992099,2.5347120902370412,0.01,1.1258657011191573,2.5905388959150426,1.01,1.0556440640772438,1.1633964191018094,26.01,26.01285275400483,5.116057862226368,1.020519297597282,1.0661685011006108,0.4108971897168143,2ln_500_2_1m.csv,500,2,2,1
0,False,2.01,10.06099530306419,39.99056480743488,2.01,9.200785059270856,40.787335897947564,6.01,9.548134645493178,10.483087989250487,345.01,344.9502818161485,18.512714388077228,9.35984634520459,9.535390080857386,1.3130754418490278,2ln_1000_3_10m.csv,1000,2,3,10
1,True,2.01,9.988081138242647,33.010312086055684,2.01,10.357817727360123,39.015203409111685,6.01,10.208519515477791,11.0303749675987,347.01,347.5154797154393,18.687734964352856,9.977439941104576,10.213997399393055,1.584253853076334,2ln_1000_3_10m.csv,1000,2,3,10
0,False,0.01,0.3881458378145837,1.2313038602567745,0.01,0.33738223273822326,0.8195575090468696,0.01,0.6040345594034559,0.9067928742255242,41.01,41.32569513156951,6.450191929791056,0.5543334851985275,0.5814347135256897,0.1927577271506364,1ln_5000_3_1m.csv,5000,1,3,1
1,True,0.01,1.2769683257918552,3.9699728086176718,0.01,1.2987616585095576,4.27949142750475,1.01,1.1842850986548463,1.4313832124855874,45.01,45.1777286299135,6.931541496756585,1.0890848104569522,1.193987442683449,0.5574847483180536,1ln_5000_3_1m.csv,5000,1,3,1
0,False,1.01,3.4202003358456667,9.863804651702608,1.01,2.53321630804077,7.277224533510755,4.01,6.036242824227751,5.438962015451357,585.01,585.442635607451,24.66948452944929,5.853450581668083,5.934174394365769,0.6656492306873878,2ln_10000_3_10m.csv,10000,2,3,10
1,True,3.01,12.832412711687226,53.22031922011522,2.01,13.212308174785699,57.253461133860775,9.01,11.711961112272633,9.902306214903616,622.01,623.1385720259251,28.735826923129526,11.223039364396424,11.755677044256336,3.1699772118892624,2ln_10000_3_10m.csv,10000,2,3,10
0,False,0.01,0.21400083350698063,0.9182149146187026,0.01,0.2894332152531777,0.8635888814826186,2.01,2.5317753698687224,3.001370899564143,138.01,137.71139612419253,18.335618174480583,2.235191916055644,2.3138377052452173,0.637631838720069,1ln_5000_1_10m.csv,5000,1,1,10
1,True,1.01,11.088877312158626,63.75214026883525,1.01,11.080569605728186,68.68669065993198,7.01,10.83361040987745,12.096163651197273,253.01,249.98615550557673,37.677268105915616,10.715874213549707,10.857612862085832,3.58567970092158,1ln_5000_1_10m.csv,5000,1,1,10
0,False,0.01,1.0325718194254445,5.089859917243981,0.01,0.9819562243502051,4.682570379901988,0.01,1.0045280437756496,1.591301087182611,33.01,33.3757090743274,5.817274684390919,0.9558231935878986,1.0043619165323387,0.3540461213645537,1ln_1000_6_1m.csv,1000,1,6,1
1,True,0.01,0.9757912923289564,3.2476753013119497,0.01,1.0525017277125086,4.35813649528582,0.01,1.018293020041465,1.6493303763850062,33.01,33.25533517622668,5.919608105205239,0.9737424829795998,1.0185447940874781,0.3603177629342093,1ln_1000_6_1m.csv,1000,1,6,1
0,False,0.01,0.08924528301886792,0.5726874108732066,0.01,0.18440081591024987,0.6549699060295152,1.01,1.5549260581336053,2.085520110698752,96.01,95.85834268230495,14.601476976763577,1.366343767166619,1.4330611855209645,0.4561043207446091,1ln_10000_1_10m.csv,10000,1,1,10
1,True,1.01,11.107109278955145,59.40195871448112,1.01,11.096586287402863,63.95803198835936,7.01,10.94502362879668,12.863785018544522,235.01,233.58282068055445,47.73605693315152,10.75987330193286,10.958500333577328,3.727419780993872,1ln_10000_1_10m.csv,10000,1,1,10
0,False,3.01,8.231395881006865,20.241972407208767,3.01,7.591807780320366,18.314827720115876,7.01,8.844096109839816,6.072161361617376,284.01,284.09810068649887,16.779461654816604,9.169932017319095,9.227403677754092,1.1186053697468956,3ln_500_2_10m.csv,500,3,2,10
1,True,4.01,10.407468678087445,18.893341468829558,4.01,10.550398874968039,20.605284985490297,8.01,10.270547174635643,7.117791744782467,288.01,288.12416517514697,17.114508824013964,10.094959702384461,10.184888567027077,1.3557129206791538,3ln_500_2_10m.csv,500,3,2,10
0,False,0.01,1.0305222083052317,2.1923461520871914,0.01,1.0240668657866845,2.2195010333234375,1.01,1.0059533673764331,1.1457576757393722,28.01,28.564195972637055,5.348252306429023,0.9770149480178676,1.0103727677204701,0.34515152454746434,5ln_500_6_1m.csv,500,5,6,1
1,True,0.01,0.9792507579038544,2.11161448646537,0.01,0.9889230547134401,2.060201466994677,1.01,1.0160632308358597,1.1118338946723647,28.01,28.62065396275444,5.3335324639736115,0.9740155667009888,1.009441467277211,0.3399380331472987,5ln_500_6_1m.csv,500,5,6,1
0,False,5.01,8.802277761149355,11.504788562948002,5.01,8.559037214406864,11.352235184526682,9.01,9.540878978349795,4.3567717502109895,308.01,308.0405297815025,17.706234556108814,9.859322874459764,9.906453583898923,1.0743715447887108,10ln_500_4_10m.csv,500,1,4,10
1,True,6.01,10.651494435612081,13.02228184967654,6.01,10.780694223635399,13.470339246832378,9.01,10.25917859035506,4.760958012533162,308.01,308.54937466878647,17.4976391957431,10.034722897156417,10.06499977363969,1.1079588316803002,10ln_500_4_10m.csv,500,1,4,10
0,False,3.01,9.225800636267232,17.796837097779527,3.01,8.538101802757158,21.57973322963724,8.01,9.849872746553553,6.378496765834052,310.01,309.73269353128313,18.436844219754118,9.559494926416345,9.827325667703002,1.823811478664802,1ln_500_6_10m.csv,500,1,6,10
1,True,4.01,11.198906752411574,20.846383067036406,4.01,12.241511254019292,27.743818932244473,8.01,10.252765273311898,6.61993654388774,310.01,310.5325080385852,18.512120570720008,9.877483132986923,10.286948384816816,2.1122549755559166,1ln_500_6_10m.csv,500,1,6,10
0,False,2.01,5.943471933471933,16.483948354995224,2.01,5.130322245322245,14.760907866384072,6.01,7.6045945945945945,5.772922631363762,296.01,296.0858835758836,18.999362732638815,7.381525548583312,7.441255123818933,0.9851713274003149,3ln_1000_2_10m.csv,1000,3,2,10
1,True,4.01,11.031810108397544,25.139844896861263,3.01,11.236132950241608,28.04301383701897,8.01,10.614414261460102,7.661440980281271,315.01,315.45919681337335,18.059316154333604,10.357622934527164,10.655457116595576,1.9292506002816003,3ln_1000_2_10m.csv,1000,3,2,10
0,False,2.01,9.965559045226131,35.80165317902205,2.01,9.410125628140703,37.38188513783765,7.01,9.949148869346734,9.420524253893598,360.01,359.35853957286434,18.99051864527799,9.848236953544264,9.989793522758074,1.3174510252651466,2ln_1000_8_10m.csv,1000,2,8,10
1,True,2.01,10.18843631778058,28.170198389017656,2.01,12.418575031525851,40.55188689020633,7.01,10.254325346784363,9.655295912278174,359.01,359.1833921815889,19.29912452937091,9.932286912520624,10.091131681637165,1.350163674225508,2ln_1000_8_10m.csv,1000,2,8,10
0,False,0.01,0.2340566037735849,0.7804153953748946,0.01,0.25764150943396225,0.7401988838853585,0.01,0.7260377358490565,0.9585694855867439,26.01,26.12367924528302,5.293981521512122,0.6479782218168817,0.6897394555742594,0.26707034725204826,3ln_1000_1_1m.csv,1000,3,1,1
1,True,0.01,1.0950744724865535,3.0615363859170945,0.01,1.092488622258999,2.935840348912984,1.01,1.0411336367397601,1.2066374822134573,29.01,29.292633429871742,5.437357054258316,1.0060753346973308,1.0451133819912375,0.375362297302949,3ln_1000_1_1m.csv,1000,3,1,1
0,False,0.01,0.8073433726381587,1.359425345304525,0.01,0.7491674953828668,1.257843842959169,1.01,0.884769143344225,0.980531451064507,38.01,38.056668560875124,6.20307253574192,0.8702414656327203,0.8914847228587691,0.2644088187046759,10ln_1000_2_1m.csv,1000,1,2,1
1,True,1.01,1.0605420918367345,1.7152038780860994,1.01,1.0750510204081631,1.7256778313949082,1.01,1.0412322845804989,1.0712060364521274,39.01,38.72655328798186,6.18283508507425,1.0067351235969504,1.0395574346583447,0.33016519102043207,10ln_1000_2_1m.csv,1000,1,2,1
0,False,4.01,10.19987972386307,21.47149297883083,4.01,9.882464593267384,21.357381742963543,8.01,9.885667212298058,6.5776056532395835,390.01,390.42505942637536,19.72306374933083,9.791211584012103,9.86796218275107,1.0810068710427607,5ln_1000_4_10m.csv,1000,5,4,10
1,True,4.01,9.883680223474267,19.905725938389992,4.01,10.094844467591496,20.26705692817838,8.01,10.092713886653094,6.585051435425351,391.01,391.18745371904737,19.966357717540365,10.037178075768116,10.104492371107646,1.1168933156349636,5ln_1000_4_10m.csv,1000,5,4,10
0,False,0.01,0.7651204394985209,2.5573575012933265,0.01,0.6462586279757713,2.0129653504347624,1.01,0.8595281025496548,1.1391016340528153,63.01,63.34832934216086,7.983963619022263,0.8246724073043157,0.847629614099337,0.22023294937262855,2ln_5000_4_1m.csv,5000,2,4,1
1,True,0.01,1.1733650340187196,3.5509793837296213,0.01,1.2526606021877231,4.149336218338701,1.01,1.1103834154042778,1.3386384369667694,64.00999999999999,64.58784836296657,8.027926836136226,1.0630905841938443,1.118321182715183,0.38097988746332956,2ln_5000_4_1m.csv,5000,2,4,1
0,False,0.01,0.4222863267437386,1.254784327333488,0.01,0.40687803448086324,1.1361738200550369,3.01,3.862787600080614,3.0801202678100834,340.01,340.2674705483593,19.902858981725682,3.696639243929358,3.737695751911994,0.4839604996695232,3ln_10000_2_10m.csv,10000,3,2,10
1,True,1.01,12.405282733872221,95.8728742139516,1.01,12.40913216217948,94.03579491324521,9.01,11.545747960855753,8.05081781068276,410.01,412.72704184479613,29.175230007508862,11.117112968767692,11.576999451490297,2.9520013087006043,3ln_10000_2_10m.csv,10000,3,2,10
0,False,0.01,1.0154069436539557,2.738477517557429,0.01,0.9320261809903244,2.23579013363507,1.01,0.9952020489470689,1.1536191034034275,28.01,28.685298804780878,5.247110707432004,0.9675607917090618,0.9977734433266469,0.32986640890734303,2ln_500_6_1m.csv,500,2,6,1
1,True,0.01,1.0018976545842218,2.3487385016744424,0.01,1.1268443496801706,2.6168905818712007,1.01,1.0321748400852877,1.2020401649508659,29.01,28.722579957356075,5.379944701178444,0.997293525271404,1.0283215864179798,0.3536218498077747,2ln_500_6_1m.csv,500,2,6,1
0,False,0.01,0.9248095909732016,2.2997860642770607,0.01,0.9152186177715091,2.36629797346019,1.01,0.9341184767277856,1.1028625628157078,28.01,28.212538787023977,5.367755949788417,0.9669385901622743,0.9957122928032694,0.34364702161890515,3ln_500_4_1m.csv,500,3,4,1
1,True,0.01,1.0549337896146407,2.1776198642429105,0.01,1.0599925606308584,2.2148444835369734,1.01,1.0500238059812526,1.1847388699242454,28.01,27.970273768784406,5.310708985158148,0.9800655624568668,1.0175360693367668,0.35277348058134045,3ln_500_4_1m.csv,500,3,4,1
0,False,3.01,10.056939602756383,22.67906927969183,3.01,9.984543980543169,23.86685747192888,8.01,10.002622618565058,7.824304729470725,287.01,287.6211876773409,17.21291721060149,9.91349097468476,10.012080187730389,1.2500591525973652,5ln_500_8_10m.csv,500,5,8,10
1,True,3.01,9.82340638092169,24.184527042252277,3.01,10.111192394456976,25.912677753161297,8.01,10.039326458266194,7.9500846739181785,287.01,287.51692877860137,16.839397644628928,9.916716381759374,10.001730868303438,1.2866049580643233,5ln_500_8_10m.csv,500,5,8,10
0,False,0.01,0.971696146187185,2.3755943033817823,0.01,0.970056225840459,2.497406789377207,1.01,1.0023860841044863,1.235340710104147,27.01,27.43649642731639,5.20775193702604,0.9732152217852014,1.0069268734660752,0.34363507854470693,3ln_500_8_1m.csv,500,3,8,1
1,True,0.01,1.1635932362611554,3.461983044912633,0.01,1.170169093471113,3.2920488583372562,1.01,1.0405307656176608,1.2608580106588914,27.01,27.323292625645845,5.12723607090897,0.9952171902171902,1.0223228187976123,0.3423540795342032,3ln_500_8_1m.csv,500,3,8,1
0,False,0.01,0.03876083630800612,0.20246578813536267,0.01,0.1298368179500255,0.3377197727873361,0.01,0.1746098929117797,0.43770660247837345,9.01,9.70107598164202,3.2928168354760454,0.1358893508893509,0.1537957323628469,0.09703867598587397,1ln_10000_1_1m.csv,10000,1,1,1
1,True,0.01,1.1174066972694359,4.10484968776806,0.01,1.1073348521931357,4.042492710265931,1.01,1.1023835196192322,1.4682748321516357,23.01,23.42766012880232,6.644125084513756,1.039076479076479,1.1046853010182633,0.5357803463643163,1ln_10000_1_1m.csv,10000,1,1,1
0,False,1.01,5.535780189959294,17.58072295600086,1.01,4.820040705563094,14.520645961160504,5.01,7.096838534599729,6.914121870542467,270.01,270.49303934871097,18.461351640703615,6.550755961181553,6.6996399023800075,1.0866198345431999,2ln_1000_1_10m.csv,1000,2,1,10
1,True,3.01,10.501467322453237,25.107887303492138,3.01,10.5800871898055,26.929019102659886,7.01,10.329994038303898,9.323143117280654,300.01,300.21992622401075,17.53986927819707,10.15326153625452,10.373624024434891,1.725601698921664,2ln_1000_1_10m.csv,1000,2,1,10
0,False,6.01,9.961682741872666,13.903751731095182,5.01,9.650312492840614,13.730275196700346,9.01,9.93286192123531,4.6822447963214895,412.01,412.1923867671653,20.25060925266607,9.886737941558756,9.927716753926324,0.9849383338931185,10ln_1000_6_10m.csv,1000,1,6,10
1,True,6.01,10.082421963531473,13.703994291790032,6.01,10.549129837574258,14.39852668834519,9.01,10.125621029497614,4.654984124310744,413.01,412.6941454620377,20.32297660504679,10.087158507890909,10.133333038284043,1.0320806934008986,10ln_1000_6_10m.csv,1000,1,6,10
0,False,1.01,4.2521027277654,11.537510395194532,1.01,3.1747136749563434,8.796728039478126,5.01,6.1153411212139455,4.610554726975847,607.01,607.2017022942133,24.937731176704048,5.974603854194942,6.024518234396238,0.5988413858367585,3ln_10000_3_10m.csv,10000,3,3,10
1,True,4.01,12.478349725083248,35.921336198444045,3.01,12.940215028782363,39.38438747460221,9.01,11.67959911200599,7.931858030448364,644.01,643.9107615064922,27.26152634578729,11.37138039390245,11.718533923988272,2.426609128511182,3ln_10000_3_10m.csv,10000,3,3,10
0,False,2.01,9.661141040029928,30.198149411577226,2.01,9.238956228956228,31.684989961845904,6.01,9.983812196034417,10.866709520851305,258.01,258.53076318742984,16.11963107933905,9.8240691311356,10.003011930727773,1.4799997966593295,2ln_500_8_10m.csv,500,2,8,10
1,True,2.01,11.425022761760243,37.46147585904519,2.01,13.137465857359636,43.057029739337025,6.01,10.116221547799697,10.721260571096074,258.01,258.2406525037936,15.874935513386292,9.897043207418387,10.038344626956974,1.4964637575517574,2ln_500_8_10m.csv,500,2,8,10
0,False,0.01,0.9290248149760556,1.903249858586553,0.01,0.8724292555507183,1.7912057290392533,1.01,0.9581932956029603,1.0901912616650253,29.01,28.96733565520244,5.316458359052661,0.9069468576376568,0.9343342005692513,0.31853128331029507,2ln_500_4_1m.csv,500,2,4,1
1,True,0.01,1.0645294635004396,2.0299702784317795,0.01,1.1026414541190266,1.9767508888052858,1.01,1.044887129873937,1.1473351032556944,29.01,29.519527997654645,5.3562921132410635,1.0197241172570122,1.0609540724985134,0.37164390677973824,2ln_500_4_1m.csv,500,2,4,1
0,False,0.01,0.9884885895997008,2.9929923201685935,0.01,0.9467751589973812,2.9004896204120643,1.01,1.0021436588103254,1.3210301585603617,26.01,25.69181818181818,5.043863218778078,0.9728727663574108,1.0070923042407203,0.36135000417512647,2ln_500_8_1m.csv,500,2,8,1
1,True,0.01,1.0972534142640362,3.140951722024847,0.01,1.2664491654021244,3.6837099772824793,1.01,1.041866464339909,1.3768510308664363,25.01,25.625326251896812,5.201627162749348,0.9948499126028638,1.0217940375789905,0.364847573609846,2ln_500_8_1m.csv,500,2,8,1
0,False,0.01,0.3428470702650134,1.2616023063923996,0.01,0.32301448369282065,0.8926606979546073,0.01,0.6273109652321907,0.997940432319523,58.01,58.086899030947166,7.695042330559554,0.5902888511632864,0.6120721309841193,0.17671684208142066,1ln_10000_3_1m.csv,10000,1,3,1
1,True,0.01,1.2968749626620466,5.695218344925291,0.01,1.3054029511918275,6.353229974068619,1.01,1.1745558277077484,1.5982540502421119,61.01,61.58346615687914,8.05830224568929,1.0539206805273835,1.1811085082268389,0.5795453000603595,1ln_10000_3_1m.csv,10000,1,3,1
0,False,2.01,7.5078447668685735,24.765257066011486,2.01,6.098265952951119,21.078913023673177,6.01,8.461894633046908,7.766645068912963,634.01,633.5111973517396,25.153162256627212,8.307146516613257,8.409210226383026,0.8852471366953293,2ln_5000_4_10m.csv,5000,2,4,10
1,True,3.01,11.679247829192196,36.97251585107798,3.01,12.619611697928804,45.48321937697327,8.01,11.042778258091191,9.664546301563874,646.01,646.2127214975756,25.733518112357032,10.757417000363855,11.07792529065396,2.0010505602501274,2ln_5000_4_10m.csv,5000,2,4,10
0,False,0.01,0.3420808283233133,0.9403003323973289,0.01,0.3141499665998664,0.8369486035245891,0.01,0.5472411489645957,0.8040122367250528,39.01,38.89585504342018,6.2979145037479,0.5169894679007434,0.5357808001423955,0.16994667629373048,3ln_5000_2_1m.csv,5000,3,2,1
1,True,0.01,1.176906624934794,3.3339137879513823,0.01,1.183886280646844,3.4010069456298258,1.01,1.125639019300991,1.2430707360502247,43.01,43.6530464267084,6.674736698186986,1.0738063051164652,1.128502851069268,0.43907350250069055,3ln_5000_2_1m.csv,5000,3,2,1
0,False,0.01,0.9986690647482014,2.516228534027119,0.01,1.0024460431654676,2.5189936062319838,1.01,1.0042446043165467,1.208727022900958,29.01,28.793992805755398,5.297814844125077,0.9758405771863278,1.0057908172430585,0.3420282285124502,3ln_500_6_1m.csv,500,3,6,1
1,True,0.01,1.0270731707317071,2.308065953149705,0.01,1.021382113821138,2.274323181561495,1.01,1.0186720867208672,1.193154152653271,29.01,28.787235772357725,5.42498281548928,0.9795983374862685,1.0163422916337654,0.3493682350390096,3ln_500_6_1m.csv,500,3,6,1
0,False,0.01,0.1292539528407321,0.44166429679330343,0.01,0.13940400505670472,0.41906340264861636,0.01,0.3963615543870577,0.6588519438084153,34.01,34.12863102544842,5.87519343001193,0.3656180983803277,0.3827457147684114,0.13318622546715905,3ln_10000_2_1m.csv,10000,3,2,1
1,True,0.01,1.2300353360125231,4.932774356143085,0.01,1.227499565165649,4.622387938431913,1.01,1.1633042833472176,1.268260324381759,41.01,41.29037661232,6.770786726100927,1.10129372233028,1.1667059061592011,0.4988278805350162,3ln_10000_2_1m.csv,10000,3,2,1
0,False,0.01,0.8951474335638878,1.6106852397868923,0.01,0.8940553330906442,1.563111493141959,1.01,0.9543028758645795,1.0732295723248297,30.01,29.7256898434656,5.466943967151752,0.9677938903891588,0.9961341623890255,0.3237187207452559,5ln_500_4_1m.csv,500,5,4,1
1,True,0.01,1.0677680124507918,1.753865336031565,0.01,1.068317312093747,1.792674974091907,1.01,1.0380142817907168,1.114216518409561,30.01,29.844477707589487,5.4438312796766555,0.988491529334846,1.0169741748452525,0.33898995412140565,5ln_500_4_1m.csv,500,5,4,1
0,False,0.01,0.8108298755186722,2.67243626734276,0.01,0.7475518672199171,2.5834934791152238,0.01,0.9328907330567082,1.385776019377189,34.01,34.43323651452282,5.767007347685751,0.8828775540307422,0.9296873650582306,0.32370627000933644,1ln_1000_4_1m.csv,1000,1,4,1
1,True,0.01,1.14198900091659,4.128077147304607,0.01,1.183923006416132,4.858789654837332,1.01,1.0610999083409713,1.4612109553311703,35.01,34.78199816681943,5.97780558094687,1.0016582979659017,1.0632227635773595,0.419870535858546,1ln_1000_4_1m.csv,1000,1,4,1
0,False,0.01,0.5667772834188227,2.2170010626398065,0.01,0.5361994502224615,1.8234083521559143,3.01,3.9793088106101395,3.8405922861561224,342.01,341.9002995437413,19.84948631715065,3.795593561217784,3.857154443978178,0.5403390662459588,2ln_10000_2_10m.csv,10000,2,2,10
1,True,1.01,12.375145611083902,118.55052732420066,1.01,12.382804122394225,116.4483530042885,8.01,11.520444392394012,10.319526370124436,409.01,411.4337023472379,30.539786174900424,10.972317953000356,11.551039123958166,3.3832015740608443,2ln_10000_2_10m.csv,10000,2,2,10
0,False,0.01,0.15463452566096422,0.41683608228112895,0.01,0.26038880248833596,0.5033956391045079,0.01,0.5963141524105754,0.8297050901787671,16.009999999999998,16.462566096423018,4.268135808556444,0.5456309911801902,0.5847613717015846,0.27936343544698616,1ln_500_2_1m.csv,500,1,2,1
1,True,0.01,1.2243413873733437,3.190269821640679,0.01,1.1978409976617304,2.905762282122452,1.01,1.1136632891660172,1.2062904594443784,20.01,20.642891660171475,4.717029161524777,1.0244446219954715,1.116558237722479,0.540484080291838,1ln_500_2_1m.csv,500,1,2,1
0,False,0.01,0.9947302904564316,4.1846609161540975,0.01,0.974149377593361,4.0712906733131895,1.01,1.0036929460580912,1.3954108247557955,33.01,33.772489626556016,5.849273269799797,0.965828352381746,1.00953834590158,0.3469076973107387,1ln_1000_8_1m.csv,1000,1,8,1
1,True,0.01,1.071415220293725,3.7793474039956694,0.01,1.154192256341789,4.006578964455458,1.01,1.0353671562082776,1.4494455780320772,34.01,33.826421895861145,5.769597373758856,0.9580736531197291,1.011856786343778,0.35754128294739473,1ln_1000_8_1m.csv,1000,1,8,1
0,False,1.01,7.667330567081604,27.936451422610016,1.01,6.479917012448132,29.749190146086416,5.01,9.186694329183956,12.328389046341835,337.01,337.1189211618257,18.724482831122117,8.881578770733213,9.179191925678225,1.5570687925815998,1ln_1000_4_10m.csv,1000,1,4,10
1,True,2.01,11.562474793767185,47.620070285903964,1.01,12.34936755270394,63.3887199599829,6.01,10.555600366636114,14.340765599988751,341.01,341.8030797433547,18.759965804489575,9.947395901404601,10.560572170242562,2.4764243801838286,1ln_1000_4_10m.csv,1000,1,4,10
0,False,3.01,10.702722812755518,30.996511316577,2.01,9.922019623875716,30.933514939451406,7.01,9.671324611610792,8.85243769452983,364.01,363.6467947669665,18.92172780129153,9.46096548511234,9.599754848845544,1.2062226221056886,3ln_1000_3_10m.csv,1000,3,3,10
1,True,3.01,9.712548978302086,26.86728462216737,3.01,10.047778245909697,29.824278996276405,7.01,10.155425180815953,8.835035531373213,367.01,366.5029429113124,19.290253296537173,10.05118442220835,10.186156807759946,1.323485181925043,3ln_1000_3_10m.csv,1000,3,3,10
0,False,2.01,4.742049036777583,8.581702638756914,2.01,3.850630472854641,7.102569015458458,4.01,5.083555166374781,3.7689662324601705,157.01,157.34800350262697,13.528512147286781,4.682479354807991,4.7778826806310715,0.8007443723754091,2ln_500_1_10m.csv,500,2,1,10
1,True,5.01,10.570984707198805,18.74986069960435,4.01,10.665911973144349,21.11873927557936,9.01,10.534617679970161,6.548931238512754,209.01,209.41675121223423,15.325772096616133,10.442227127234649,10.567168778321452,1.7611845708311993,2ln_500_1_10m.csv,500,2,1,10
0,False,0.01,1.007892176732874,2.258040516811661,0.01,1.0103242805026347,2.3129909048253823,1.01,1.0080543169841911,1.1762180912503002,29.01,28.7414957438184,5.347125922120109,0.9800413682321576,1.0090567669674437,0.33818676422559696,5ln_500_8_1m.csv,500,5,8,1
1,True,0.01,1.0183789880760554,2.428061166276347,0.01,1.008710924911376,2.385075752567755,1.01,1.0177344505317434,1.1649588273284528,28.01,28.59975185304544,5.145615089087408,0.9757595786852752,1.0137495260897778,0.34873587202710415,5ln_500_8_1m.csv,500,5,8,1
0,False,3.01,9.994337759618658,21.820306515011204,3.01,9.069584610146407,20.129439553757383,7.01,9.46318352059925,6.544747793709894,280.01,279.889468845761,16.508495583207342,9.350721355389805,9.409861764304315,1.1788631286314069,3ln_500_3_10m.csv,500,3,3,10
1,True,4.01,10.016709451575263,19.101363809865067,4.01,10.412858809801634,21.52749434974859,8.01,10.244247374562427,6.754611021624987,283.01,283.13062427071173,17.080088704607945,10.166086232967377,10.267089556335788,1.3945089775163924,3ln_500_3_10m.csv,500,3,3,10
0,False,0.01,0.5581877497053835,1.7765712423052942,0.01,0.44802995027449627,1.3066954391039545,0.01,0.76689115001006,1.0510159203246476,77.00999999999999,76.89767209910607,8.784619744666628,0.7341263624983149,0.7545588682147056,0.18669615011062554,2ln_10000_4_1m.csv,10000,2,4,1
1,True,0.01,1.3114334340093003,4.365477177582271,0.01,1.3849268900714318,5.013061576660304,1.01,1.1721937772664077,1.384677948379178,79.00999999999999,79.07880483244642,8.916038115403394,1.102595150060517,1.1804214471631846,0.4507945146274335,2ln_10000_4_1m.csv,10000,2,4,1
0,False,0.01,1.0626573998364677,2.9436714972548845,0.01,0.9933197056418642,2.8321919984683848,1.01,0.9687898609975469,1.2071653268821378,36.01,36.37369582992641,6.041335377977758,0.9356034509487898,0.9651714483758355,0.3037332384236127,3ln_1000_3_1m.csv,1000,3,3,1
1,True,0.01,0.9873892282845306,2.5216300146102646,0.01,1.0171624183694965,2.7452112216033075,1.01,1.0276953865599325,1.230794617566671,36.01,36.57625236991784,6.048630990578072,0.9970964066946956,1.0292491112409077,0.3307406576162352,3ln_1000_3_1m.csv,1000,3,3,1
